
recovery.elf:     file format elf32-littleriscv
recovery.elf
architecture: riscv:rv32, flags 0x00000112:
EXEC_P, HAS_SYMS, D_PAGED
start address 0x00010000

Program Header:
    LOAD off    0x00000000 vaddr 0x20000000 paddr 0x20000000 align 2**12
         filesz 0x00000000 memsz 0x00003000 flags rw-
    LOAD off    0x00000000 vaddr 0x52006000 paddr 0x52006000 align 2**12
         filesz 0x00000000 memsz 0x00001ff8 flags rw-
    LOAD off    0x00001000 vaddr 0x00010000 paddr 0x70b80000 align 2**12
         filesz 0x00000174 memsz 0x00000174 flags r-x
    LOAD off    0x000001b4 vaddr 0x70b801b4 paddr 0x70b801b4 align 2**12
         filesz 0x00000000 memsz 0x00000004 flags rw-
    LOAD off    0x000011c0 vaddr 0x000101c0 paddr 0x70b8021c align 2**12
         filesz 0x00023148 memsz 0x00023148 flags rwx
    LOAD off    0x00024364 vaddr 0x70ba3364 paddr 0x70ba3364 align 2**12
         filesz 0x000124ac memsz 0x000124ac flags r-x
    LOAD off    0x00037000 vaddr 0x20003000 paddr 0x70bb5810 align 2**12
         filesz 0x00000ed4 memsz 0x00000ed4 flags rw-
    LOAD off    0x00000f00 vaddr 0x20003f00 paddr 0x70bb66e4 align 2**12
         filesz 0x00000000 memsz 0x00011d38 flags rw-
    LOAD off    0x00000000 vaddr 0x87000000 paddr 0x87000000 align 2**12
         filesz 0x00000000 memsz 0x00004860 flags rw-
    LOAD off    0x00000860 vaddr 0x87004860 paddr 0x87004860 align 2**12
         filesz 0x00000000 memsz 0x000000fc flags rw-
   STACK off    0x00000000 vaddr 0x00000000 paddr 0x00000000 align 2**4
         filesz 0x00000000 memsz 0x00000000 flags rw-

Sections:
Idx Name          Size      VMA       LMA       File off  Algn
  0 startup       00000174  00010000  70b80000  00001000  2**0
                  CONTENTS, ALLOC, LOAD, READONLY, CODE
  1 .version_str  00000004  70b801b4  70b801b4  000011b4  2**0
                  ALLOC
  2 .stacks       00003000  20000000  20000000  00001000  2**4
                  ALLOC
  3 .psram_text   00000000  6c000000  6c000000  00037ed4  2**0
                  CONTENTS
  4 .l2m_gpu_text 00000000  60240000  60240000  00037ed4  2**0
                  CONTENTS
  5 .l2m_gpu_bss  00000000  60240000  60240000  00037ed4  2**0
                  CONTENTS
  6 .l2m_gpu_data 00000000  60240000  60240000  00037ed4  2**0
                  CONTENTS
  7 .l2m_dsp_text 00000000  60100000  60100000  00037ed4  2**0
                  CONTENTS
  8 .l2m_dsp_bss  00000000  60100000  60100000  00037ed4  2**0
                  CONTENTS
  9 .l2m_dsp_data 00000000  60100000  60100000  00037ed4  2**0
                  CONTENTS
 10 .recovery_ramtext 00023100  000101c0  70b8021c  000011c0  2**6
                  CONTENTS, ALLOC, LOAD, READONLY, CODE
 11 .initcall.init 00000000  000332c0  000332c0  00037ed4  2**0
                  CONTENTS
 12 .sysintcall.init 00000048  000332c0  70ba331c  000242c0  2**2
                  CONTENTS, ALLOC, LOAD, DATA
 13 .text         000124ac  70ba3364  70ba3364  00024364  2**2
                  CONTENTS, ALLOC, LOAD, READONLY, CODE
 14 .data         00000ec0  20003000  70bb5810  00037000  2**2
                  CONTENTS, ALLOC, LOAD, DATA
 15 .sys_status   00000014  20003ec0  70bb66d0  00037ec0  2**2
                  CONTENTS, ALLOC, LOAD, DATA
 16 .bss          00011d38  20003f00  70bb66e4  00037f00  2**6
                  ALLOC
 17 .dtcm_stack   00000000  20015c38  20015c38  00037ed4  2**0
                  CONTENTS
 18 .preserve     000000fc  87004860  87004860  00038860  2**2
                  ALLOC
 19 .extend_heap  00000000  60100000  60100000  00037ed4  2**0
                  CONTENTS
 20 .ipc_share_mem 00004860  87000000  87000000  00038000  2**2
                  ALLOC
 21 .cputrace_mem 00001ff8  52006000  52006000  00001000  2**2
                  ALLOC
 22 .debug_loc    000554ea  00000000  00000000  00037ed4  2**0
                  CONTENTS, READONLY, DEBUGGING, OCTETS
 23 .debug_abbrev 000229a6  00000000  00000000  0008d3be  2**0
                  CONTENTS, READONLY, DEBUGGING, OCTETS
 24 .debug_info   00112f02  00000000  00000000  000afd64  2**0
                  CONTENTS, READONLY, DEBUGGING, OCTETS
 25 .debug_str    0004b651  00000000  00000000  001c2c66  2**0
                  CONTENTS, READONLY, DEBUGGING, OCTETS
 26 .comment      00000039  00000000  00000000  0020e2b7  2**0
                  CONTENTS, READONLY
 27 .riscv.attributes 00008722  00000000  00000000  0020e2f0  2**0
                  CONTENTS, READONLY
 28 .debug_line   0008e28c  00000000  00000000  00216a12  2**0
                  CONTENTS, READONLY, DEBUGGING, OCTETS
 29 .debug_frame  00018c84  00000000  00000000  002a4ca0  2**2
                  CONTENTS, READONLY, DEBUGGING, OCTETS
 30 .debug_ranges 0000b8a8  00000000  00000000  002bd924  2**0
                  CONTENTS, READONLY, DEBUGGING, OCTETS
SYMBOL TABLE:
00010000 l    d  startup	00000000 startup
70b801b4 l    d  .version_str	00000000 .version_str
20000000 l    d  .stacks	00000000 .stacks
6c000000 l    d  .psram_text	00000000 .psram_text
60240000 l    d  .l2m_gpu_text	00000000 .l2m_gpu_text
60240000 l    d  .l2m_gpu_bss	00000000 .l2m_gpu_bss
60240000 l    d  .l2m_gpu_data	00000000 .l2m_gpu_data
60100000 l    d  .l2m_dsp_text	00000000 .l2m_dsp_text
60100000 l    d  .l2m_dsp_bss	00000000 .l2m_dsp_bss
60100000 l    d  .l2m_dsp_data	00000000 .l2m_dsp_data
000101c0 l    d  .recovery_ramtext	00000000 .recovery_ramtext
000332c0 l    d  .initcall.init	00000000 .initcall.init
000332c0 l    d  .sysintcall.init	00000000 .sysintcall.init
70ba3364 l    d  .text	00000000 .text
20003000 l    d  .data	00000000 .data
20003ec0 l    d  .sys_status	00000000 .sys_status
20003f00 l    d  .bss	00000000 .bss
20015c38 l    d  .dtcm_stack	00000000 .dtcm_stack
87004860 l    d  .preserve	00000000 .preserve
60100000 l    d  .extend_heap	00000000 .extend_heap
87000000 l    d  .ipc_share_mem	00000000 .ipc_share_mem
52006000 l    d  .cputrace_mem	00000000 .cputrace_mem
00000000 l    d  .debug_loc	00000000 .debug_loc
00000000 l    d  .debug_abbrev	00000000 .debug_abbrev
00000000 l    d  .debug_info	00000000 .debug_info
00000000 l    d  .debug_str	00000000 .debug_str
00000000 l    d  .comment	00000000 .comment
00000000 l    d  .riscv.attributes	00000000 .riscv.attributes
00000000 l    d  .debug_line	00000000 .debug_line
00000000 l    d  .debug_frame	00000000 .debug_frame
00000000 l    d  .debug_ranges	00000000 .debug_ranges
00000000 l    df *ABS*	00000000 startup.S.obj
00010004 l       startup	00000000 _start
00010044 l       startup	00000000 set_app_table_loop
0001009c l       startup	00000000 end_set_stack_loop
00010090 l       startup	00000000 set_stack_loop
000100d0 l       startup	00000000 end_set_data_loop
000100b8 l       startup	00000000 set_data_loop
00010104 l       startup	00000000 end_set_ramtext_loop
000100ec l       startup	00000000 set_ramtext_loop
0001013c l       startup	00000000 end_set_psramtext_loop
00010124 l       startup	00000000 set_psramtext_loop
00010160 l       startup	00000000 end_clear_bss_loop
00010154 l       startup	00000000 clear_bss_loop
00000000 l    df *ABS*	00000000 build_version.c
000101c0 l     O .recovery_ramtext	00000054 g_build_version_information
00000000 l    df *ABS*	00000000 cpu_utils.c
0001026a l     F .recovery_ramtext	00000058 cpu_utils_sys_reboot_req
20015bec l     O .bss	00000004 g_reboot_mcu_cb
00000000 l    df *ABS*	00000000 non_os_reboot.c
00000000 l    df *ABS*	00000000 dfx_file_operation.c
000102f6 l     F .recovery_ramtext	000000b0 get_fullpath
00000000 l    df *ABS*	00000000 diag_debug.c
00000000 l    df *ABS*	00000000 panic.c
20010bc8 l     O .bss	00000001 g_already_panicking
20010bcc l     O .bss	00000004 g_panic_dump_callback
20010bd0 l     O .bss	00000004 g_panic_cpu_trace_pc
20010bd4 l     O .bss	00000004 g_panic_cpu_trace_lr
20010bd8 l     O .bss	00000004 g_panic_cpu_trace_sp
00000000 l    df *ABS*	00000000 panic_rom.c
20003ea8 l     O .data	00000004 g_panic_deal
00000000 l    df *ABS*	00000000 preserve.c
20010bdc l     O .bss	000000fc g_preserve_data_lib_ram
00000000 l    df *ABS*	00000000 log.c
20015bf0 l     O .bss	00000002 g_log_sn_number
20003eac l     O .data	00000001 g_log_current_level
20010cd8 l     O .bss	00000001 g_trigger_tx
20010cdc l     O .bss	00000004 g_missed_messages
20010ce0 l     O .bss	00000004 g_cnt_messages
00000000 l    df *ABS*	00000000 log_oam_logger.c
00000000 l    df *ABS*	00000000 log_oml_exception.c
000111c2 l     F .recovery_ramtext	0000001c log_watch_dog_reconfigure
00000000 l    df *ABS*	00000000 log_printf.c
20010ce8 l     O .bss	00000004 g_chr_basegmt_s
20010cf0 l     O .bss	00000008 g_log_basetime_ms
00000000 l    df *ABS*	00000000 log_trigger.c
20015bf4 l     O .bss	00000004 g_log_trigger_callback
00000000 l    df *ABS*	00000000 log_buffer.c
00011254 l     F .recovery_ramtext	00000084 log_buffer_helper_add
20010cf8 l     O .bss	00000004 g_log_section_control
20010cfc l     O .bss	00000004 g_log_buffer_start
20010d00 l     O .bss	00000004 g_log_buffer_size
00000000 l    df *ABS*	00000000 log_uart.c
00000000 l    df *ABS*	00000000 partition.c
20015968 l     O .bss	00000150 g_partition_info
00000000 l    df *ABS*	00000000 upg_alloc.c
00000000 l    df *ABS*	00000000 upg_common.c
20015ab8 l     O .bss	00000024 g_upg_ctx
00000000 l    df *ABS*	00000000 upg_verify.c
000123ce l     F .recovery_ramtext	00000054 hash_operation
0001212c l     F .recovery_ramtext	00000076 upg_verify_hash
00011fd8 l     F .recovery_ramtext	0000005a verify_fota_info
20015c28 l     O .bss	00000004 g_user_defined_check_func
20015c2c l     O .bss	00000004 g_user_defined_param
00000000 l    df *ABS*	00000000 upg_lzmadec.c
0001253a l     F .recovery_ramtext	0000000c upg_lzma_alloc
00012546 l     F .recovery_ramtext	00000010 upg_lzma_free
00000000 l    df *ABS*	00000000 upg_patch.c
0001319c l     F .recovery_ramtext	0000000c lzma_malloc
000131a8 l     F .recovery_ramtext	00000012 lzma_free
00013172 l     F .recovery_ramtext	0000002a fota_patch_alloc
00012fd8 l     F .recovery_ramtext	0000004a fota_pkg_plaintext_flash_cache_init
000131ba l     F .recovery_ramtext	00000054 read_page_status
00013040 l     F .recovery_ramtext	00000010 fota_patch_free
0001320e l     F .recovery_ramtext	00000060 write_page_status
0001326e l     F .recovery_ramtext	00000066 read_diff_data_to_ram
00013022 l     F .recovery_ramtext	0000001e erase_fota_buffers
000132d4 l     F .recovery_ramtext	000000dc zip_mem_read
000133f8 l     F .recovery_ramtext	00000052 read_byte
000133b0 l     F .recovery_ramtext	00000048 write_byte
0001344a l     F .recovery_ramtext	000000e4 write_flash_page_skip_done
00013564 l     F .recovery_ramtext	00000054 fota_pkg_flash_read_image
00013542 l     F .recovery_ramtext	00000022 fota_pkg_flash_prep_page_contents_for_write
0001352e l     F .recovery_ramtext	00000014 read_image_block
00000000 l    df *ABS*	00000000 upg_process.c
20015c30 l     O .bss	00000004 upg_calculate_and_notify_process.last_percent
00000000 l    df *ABS*	00000000 upg_resource.c
00013b2e l     F .recovery_ramtext	000001d8 upg_resource_process_node
00000000 l    df *ABS*	00000000 upg_upgrade.c
00000000 l    df *ABS*	00000000 exception_riscv.c
0001412a l     F .recovery_ramtext	00000058 hal_set_reset_cause
2001084e l     O .bss	00000002 g_exc_nmi_store.0
20010850 l     O .bss	00000002 g_exc_nmi_store.1
20010852 l     O .bss	00000002 g_exc_nmi_store.2
20010854 l     O .bss	00000004 g_exception_dump_callback
00000000 l    df *ABS*	00000000 exception_dump.c
00000000 l    df *ABS*	00000000 pm_veto.c
20010858 l     O .bss	00000028 g_pm_veto_info
00000000 l    df *ABS*	00000000 pm_clocks.c
00000000 l    df *ABS*	00000000 pm_control.c
00000000 l    df *ABS*	00000000 pm_os.c
00000000 l    df *ABS*	00000000 pm_pmu.c
20010880 l     O .bss	00000010 g_ldo_power_level
00000000 l    df *ABS*	00000000 partition_porting.c
20010890 l     O .bss	00000000 g_image_path
00000000 l    df *ABS*	00000000 upg_common_porting.c
20003b64 l     O .data	00000060 g_img_partition_map
20003e9c l     O .data	00000008 g_brandy_upg_collect
20010890 l     O .bss	00000204 upg_get_root_public_key.public_key
20003bc4 l     O .data	0000002c g_brandy_support_upg_id
20015bdb l     O .bss	00000001 upg_sec_boot_is_enable.cf
20015bdc l     O .bss	00000001 upg_sec_boot_is_enable.double_cf
00000000 l    df *ABS*	00000000 osal_debug_adapt.c
00000000 l    df *ABS*	00000000 osal_addr.c
00000000 l    df *ABS*	00000000 osal_barrier.c
00000000 l    df *ABS*	00000000 osal_event.c
00000000 l    df *ABS*	00000000 osal_interrupt.c
00000000 l    df *ABS*	00000000 osal_mutex.c
00000000 l    df *ABS*	00000000 osal_semaphore.c
00000000 l    df *ABS*	00000000 osal_spinlock.c
00000000 l    df *ABS*	00000000 osal_task.c
00000000 l    df *ABS*	00000000 osal_timer.c
00000000 l    df *ABS*	00000000 osal_wait.c
00000000 l    df *ABS*	00000000 osal_device.c
00000000 l    df *ABS*	00000000 dpal_driverbase.c
00000000 l    df *ABS*	00000000 dpal.c
00000000 l    df *ABS*	00000000 dpal_driver.c
00000000 l    df *ABS*	00000000 non_os_utils.c
20015ae0 l     O .bss	00000008 g_driver_init_bits
20015ae8 l     O .bss	00000002 g_nmi_raw_en_status
20015aea l     O .bss	00000002 g_nmi_raw_interrupt_status
2000c034 l     O .bss	00000002 g_non_os_critical_nesting
2000c038 l     O .bss	00000004 g_cs_stat_handler
2000c03c l     O .bss	00000004 g_cs_record_handler
2000c040 l     O .bss	00000004 g_lock_stat
00000000 l    df *ABS*	00000000 hal_cpu_core.c
00000000 l    df *ABS*	00000000 hal_cpu_trace.c
0001575c l     F .recovery_ramtext	00000070 hal_cpu_trace_lock_trigger
000158dc l     O .recovery_ramtext	00000038 g_trace_value
000157cc l     F .recovery_ramtext	00000038 hal_cpu_trace_clear_lock_trigger
00000000 l    df *ABS*	00000000 hal_dma.c
20015b54 l     O .bss	00000004 g_hal_dma_funcs
00000000 l    df *ABS*	00000000 hal_dmac_v100.c
00015984 l     F .recovery_ramtext	0000021c hal_dma_isr
2000ee30 l     O .bss	00000090 g_hal_dma_channel
00015bbe l     F .recovery_ramtext	00000056 hal_dma_clear_mux_channel_stat
200038c4 l     O .data	00000030 g_hal_dmac_v100_funcs
00015c14 l     F .recovery_ramtext	0000007a hal_dmac_v100_interrupt_clear
00015c94 l     F .recovery_ramtext	00000092 hal_dmac_v100_init
00015d26 l     F .recovery_ramtext	00000026 hal_dmac_v100_deinit
00015d4c l     F .recovery_ramtext	00000040 hal_dmac_v100_open
00015d8c l     F .recovery_ramtext	00000022 hal_dmac_v100_close
00015dae l     F .recovery_ramtext	0000007c hal_dmac_v100_ch_enable
00015e2a l     F .recovery_ramtext	0000002c hal_dmac_v100_get_block_ts
00015e56 l     F .recovery_ramtext	00000082 hal_dmac_v100_ch_get_idle
00016474 l     O .recovery_ramtext	00000004 g_sdma_burst_len_limit_ch
00015ed8 l     F .recovery_ramtext	00000218 hal_dmac_v100_config_single_block
0001639c l     F .recovery_ramtext	000000d8 hal_dma_config_periph
000160f0 l     F .recovery_ramtext	00000212 hal_dmac_v100_add_lli_transfer
00016302 l     F .recovery_ramtext	0000002c hal_dmac_v100_ch_is_enabled
0001632e l     F .recovery_ramtext	0000006e hal_dmac_v100_enable_lli
2000eec0 l     O .bss	00000030 g_dma_node_cfg
2000eef0 l     O .bss	00000030 g_dma_lli_add
00000000 l    df *ABS*	00000000 hal_gpio.c
00000000 l    df *ABS*	00000000 hal_gpio_v100.c
2000ef34 l     O .bss	00000044 g_gpio_context
2000ef78 l     O .bss	00000428 g_hal_gpio_context
000165e6 l     F .recovery_ramtext	00000050 hal_gpio_is_interrupt_asserted
00016636 l     F .recovery_ramtext	0000005e hal_gpio_v100_ctrl_clear_interrupt
000166a2 l     F .recovery_ramtext	00000026 hal_gpio_get_channel_pin
000166c8 l     F .recovery_ramtext	00000072 hal_gpio_clear_interrupt
200038f4 l     O .data	00000028 g_hal_gpio_v100_funcs
0001673a l     F .recovery_ramtext	00000052 hal_gpio_v100_init
0001678c l     F .recovery_ramtext	00000040 hal_gpio_v100_deinit
000167cc l     F .recovery_ramtext	000000ec hal_gpio_v100_setdir
00016c72 l     F .recovery_ramtext	00000058 hal_gpio_disable_interrupt
000168b8 l     F .recovery_ramtext	00000052 hal_gpio_v100_getdir
0001690a l     F .recovery_ramtext	00000014 hal_gpio_v100_ctrl
00016e4c l     O .recovery_ramtext	00000018 g_hal_gpio_ctrl_func_array
0001691e l     F .recovery_ramtext	00000092 hal_gpio_v100_output
000169b0 l     F .recovery_ramtext	00000052 hal_gpio_v100_get_output_val
00016a02 l     F .recovery_ramtext	0000005e hal_gpio_v100_input
00016a60 l     F .recovery_ramtext	000001ac hal_gpio_v100_register
00016d54 l     F .recovery_ramtext	000000ba hal_gpio_v100_ctrl_enable_interrupt
00016c14 l     F .recovery_ramtext	0000005e hal_gpio_v100_unregister
00016cca l     F .recovery_ramtext	0000008a hal_gpio_v100_ctrl_toggle
00016e0e l     F .recovery_ramtext	0000003c hal_gpio_v100_ctrl_disable_interrupt
00000000 l    df *ABS*	00000000 hal_ipc.c
00000000 l    df *ABS*	00000000 hal_mipi_tx.c
00017376 l     F .recovery_ramtext	00000084 set_timing_config
00017520 l     F .recovery_ramtext	00000138 mipi_tx_drv_set_cmd_work_param
00017a8e l     F .recovery_ramtext	0000002a mipi_tx_wait_write_fifo_not_full
00017658 l     F .recovery_ramtext	0000006a mipi_tx_drv_set_command_header
000176c2 l     F .recovery_ramtext	00000030 mipi_tx_wait_cmd_fifo_empty
00017ab8 l     F .recovery_ramtext	0000004c mipi_tx_wait_read_fifo_not_empty
20015b68 l     O .bss	00000004 g_actual_phy_data_rate
00000000 l    df *ABS*	00000000 hal_pinctrl.c
00000000 l    df *ABS*	00000000 hal_pinctrl_brandy.c
2000391c l     O .data	00000020 g_hal_pin_brandy_funcs
00017b4a l     F .recovery_ramtext	0000007a hal_pin_brandy_set_mode
00017da8 l     F .recovery_ramtext	0000002c hal_pin_brandy_get_aon_mode_addr
00017bc4 l     F .recovery_ramtext	0000006a hal_pin_brandy_get_mode
00017c2e l     F .recovery_ramtext	0000003e hal_pin_brandy_set_ds
00017dd4 l     F .recovery_ramtext	0000002c hal_pin_brandy_get_aon_ds_addr
00017c6c l     F .recovery_ramtext	00000026 hal_pin_brandy_get_ds
00017c92 l     F .recovery_ramtext	0000007a hal_pin_brandy_set_pull
00017e00 l     F .recovery_ramtext	0000002c hal_pin_brandy_get_pull_addr
00017d0c l     F .recovery_ramtext	0000003c hal_pin_brandy_get_pull
00017d48 l     F .recovery_ramtext	0000003e hal_pin_brandy_set_ie
00017d86 l     F .recovery_ramtext	00000022 hal_pin_brandy_get_ie
00017e2c l     O .recovery_ramtext	00000048 g_pin_mode_map
00017e74 l     O .recovery_ramtext	00000060 g_pin_ds_map
00017ed4 l     O .recovery_ramtext	00000060 g_pin_pull_map
00000000 l    df *ABS*	00000000 hal_pmp.c
00000000 l    df *ABS*	00000000 hal_pmp_riscv70.c
20003e64 l     O .data	00000004 g_hal_pmp_riscv70_funcs
00017f62 l     F .recovery_ramtext	0000004e hal_pmp_riscv70_config
00000000 l    df *ABS*	00000000 hal_pmp_riscv70_regs_op.c
00000000 l    df *ABS*	00000000 hal_reboot.c
20015b74 l     O .bss	00000002 g_reset_cause
00000000 l    df *ABS*	00000000 hal_reg_config.c
00000000 l    df *ABS*	00000000 hal_sha.c
20015b78 l     O .bss	00000004 g_hal_sha_funcs
00000000 l    df *ABS*	00000000 hal_sha_v2.c
20015b7c l     O .bss	00000004 g_hal_sha_callback
2000393c l     O .data	00000010 g_hal_sha_v2_funcs
00018350 l     F .recovery_ramtext	00000028 hal_sha_init
00018378 l     F .recovery_ramtext	00000018 hal_sha_deinit
00018390 l     F .recovery_ramtext	0000008a hal_sha_start
0001841a l     F .recovery_ramtext	00000010 hal_sha_finish
00000000 l    df *ABS*	00000000 hal_sha_v2_regs_op.c
00000000 l    df *ABS*	00000000 hal_rsa.c
00000000 l    df *ABS*	00000000 hal_rsa_v2.c
20015b88 l     O .bss	00000004 g_hal_rsa_callback
2000394c l     O .data	00000010 g_hal_rsa_v2_funcs
000184b6 l     F .recovery_ramtext	0000001a hal_rsa_v2_init
000184d0 l     F .recovery_ramtext	0000000c hal_rsa_v2_deinit
000184dc l     F .recovery_ramtext	0000005c hal_rsa_v2_start
00000000 l    df *ABS*	00000000 hal_rsa_v2_regs_op.c
00000000 l    df *ABS*	00000000 hal_efuse.c
00000000 l    df *ABS*	00000000 hal_efuse_v100.c
00018582 l     F .recovery_ramtext	0000002a hal_efuse_v100_init
00018636 l     F .recovery_ramtext	00000042 hal_efuse_v100_refresh_read
000185ac l     F .recovery_ramtext	0000001c hal_efuse_v100_deinit
000185c8 l     F .recovery_ramtext	0000006e hal_efuse_v100_flush_write
00018678 l     F .recovery_ramtext	00000060 hal_efuse_v100_read_byte_common
000186d8 l     F .recovery_ramtext	0000005c hal_efuse_v100_write_byte
00018734 l     F .recovery_ramtext	00000020 hal_efuse_v100_clear_all_write_regs
00018754 l     F .recovery_ramtext	0000003a hal_efuse_v100_write_operation
0001878e l     F .recovery_ramtext	000000be hal_efuse_v100_write_buffer_operation
0001884c l     F .recovery_ramtext	00000020 hal_efuse_v100_get_die_id
0001886c l     F .recovery_ramtext	00000008 hal_efuse_v100_get_chip_id
00000000 l    df *ABS*	00000000 hal_efuse_v100_reg_op.c
00000000 l    df *ABS*	00000000 hal_spi.c
00000000 l    df *ABS*	00000000 hal_spi_v100.c
20003988 l     O .data	00000018 g_hal_spi_v100_funcs
00018954 l     F .recovery_ramtext	00000248 hal_spi_init
00018f00 l     F .recovery_ramtext	0000004e hal_spi_init_config_spi_frame_format
00018f4e l     F .recovery_ramtext	00000040 hal_spi_init_config_freq
00018f8e l     F .recovery_ramtext	00000094 hal_spi_config_qspi
2000f3f0 l     O .bss	00000150 g_hal_spi_attrs
00018b9c l     F .recovery_ramtext	0000001c hal_spi_deinit
00018bb8 l     F .recovery_ramtext	000000fa hal_spi_write
00018cb2 l     F .recovery_ramtext	000000da hal_spi_read
00019022 l     F .recovery_ramtext	00000048 hal_spi_pack_data_outof_fifo
00018d8c l     F .recovery_ramtext	00000160 hal_spi_writeread
00018eec l     F .recovery_ramtext	00000014 hal_spi_ctrl
00019304 l     O .recovery_ramtext	00000018 g_hal_spi_ctrl_func_array
0001906a l     F .recovery_ramtext	00000140 hal_spi_ctrl_set_attr
000191aa l     F .recovery_ramtext	0000002e hal_spi_ctrl_get_attr
000191d8 l     F .recovery_ramtext	00000064 hal_spi_ctrl_set_extra_attr
0001923c l     F .recovery_ramtext	0000002e hal_spi_ctrl_get_extra_attr
0001926a l     F .recovery_ramtext	00000066 hal_spi_ctrl_select_slave
000192d0 l     F .recovery_ramtext	00000034 hal_spi_ctrl_check_fifo_busy
2000f540 l     O .bss	00000004 g_hal_spi_callback
2000f544 l     O .bss	00000070 g_hal_spi_extra_attrs
00000000 l    df *ABS*	00000000 hal_spi_v100_regs_op.c
00000000 l    df *ABS*	00000000 hal_systick.c
00000000 l    df *ABS*	00000000 hal_systick_v150.c
200039a0 l     O .data	0000000c g_hal_systick_v150_funcs
0001936c l     F .recovery_ramtext	00000008 hal_systick_v150_init
00019374 l     F .recovery_ramtext	00000008 hal_systick_v150_deinit
0001937c l     F .recovery_ramtext	00000014 hal_systick_v150_ctrl
000193d0 l     O .recovery_ramtext	0000000c g_hal_systick_ctrl_func_array
00019390 l     F .recovery_ramtext	00000014 hal_systick_v150_ctrl_count_clear
000193a4 l     F .recovery_ramtext	0000001c hal_systick_v150_ctrl_count_cleared
000193c0 l     F .recovery_ramtext	00000010 hal_systick_v150_ctrl_count_get
00000000 l    df *ABS*	00000000 hal_systick_v150_regs_op.c
00000000 l    df *ABS*	00000000 hal_tcxo.c
00000000 l    df *ABS*	00000000 hal_tcxo_v150.c
200039ac l     O .data	0000000c g_hal_tcxo_v150_funcs
00019454 l     F .recovery_ramtext	0000002e hal_tcxo_v150_init
00019482 l     F .recovery_ramtext	0000000a hal_tcxo_v150_deinit
0001948c l     F .recovery_ramtext	00000028 hal_tcxo_v150_get
00000000 l    df *ABS*	00000000 hal_tcxo_v150_regs_op.c
00000000 l    df *ABS*	00000000 hal_uart.c
00000000 l    df *ABS*	00000000 hal_uart_v120.c
200039b8 l     O .data	00000018 g_hal_uart_v120_funcs
000196e8 l     F .recovery_ramtext	00000172 hal_uart_v120_init
000199c0 l     F .recovery_ramtext	00000062 hal_uart_v120_set_baud_rate
00019a22 l     F .recovery_ramtext	00000060 hal_uart_v120_set_parity
0001985a l     F .recovery_ramtext	00000052 hal_uart_v120_deinit
000198ac l     F .recovery_ramtext	0000002e hal_uart_v120_ctrl
00019dac l     O .recovery_ramtext	00000054 g_hal_uart_ctrl_func_array
000198da l     F .recovery_ramtext	0000002c hal_uart_v120_write
00019906 l     F .recovery_ramtext	0000003e hal_uart_v120_read
00019944 l     F .recovery_ramtext	0000007c hal_uart_v120_dma_config
00019a82 l     F .recovery_ramtext	0000009c hal_uart_v120_ctrl_set_attr
00019b1e l     F .recovery_ramtext	00000040 hal_uart_v120_ctrl_get_attr
00019b5e l     F .recovery_ramtext	0000002a hal_uart_v120_ctrl_en_tx_int
00019b88 l     F .recovery_ramtext	0000002a hal_uart_v120_ctrl_en_rx_int
00019bb2 l     F .recovery_ramtext	0000002a hal_uart_v120_ctrl_en_idle_int
00019bdc l     F .recovery_ramtext	0000002a hal_uart_v120_ctrl_en_parity_err_int
00019c06 l     F .recovery_ramtext	0000002a hal_uart_v120_ctrl_en_frame_err_int
00019c30 l     F .recovery_ramtext	0000001e hal_uart_v120_ctrl_check_tx_fifo_full
00019c4e l     F .recovery_ramtext	0000001e hal_uart_v120_ctrl_check_tx_fifo_empty
00019c6c l     F .recovery_ramtext	00000028 hal_uart_v120_ctrl_check_rx_fifo_emp
00019c94 l     F .recovery_ramtext	0000004c hal_uart_v120_ctrl_set_rxfifo_int_level
00019ce0 l     F .recovery_ramtext	0000003c hal_uart_v120_ctrl_set_txfifo_int_level
00019d1c l     F .recovery_ramtext	00000028 hal_uart_v120_ctrl_check_uart_busy
00019d44 l     F .recovery_ramtext	0000003a hal_uart_v120_ctrl_get_rxfifo_passnum
00019d7e l     F .recovery_ramtext	0000002c hal_uart_v120_get_uart_rxfifo_threshold
2000f5b4 l     O .bss	00000002 g_hal_uart_v120_inited_array
2000f5b8 l     O .bss	00000008 g_hal_uart_callback
2000f5c0 l     O .bss	00000008 g_hal_uart_rx_fifo_level
2000f5c8 l     O .bss	00000010 g_hal_uart_attr_array
00000000 l    df *ABS*	00000000 hal_uart_v120_regs_op.c
00019e44 l     F .recovery_ramtext	0000005e hal_uart_int_addr_get
00000000 l    df *ABS*	00000000 hal_watchdog.c
00000000 l    df *ABS*	00000000 hal_watchdog_v100.c
20015bbc l     O .bss	00000004 g_hal_watchdog_callback
200039d0 l     O .data	00000024 g_hal_watchdog_v100_funcs
00019f2a l     F .recovery_ramtext	0000000a hal_watchdog_v100_init
00019f34 l     F .recovery_ramtext	0000000a hal_watchdog_v100_deinit
00019f3e l     F .recovery_ramtext	0000006c hal_watchdog_v100_set_attr
20015bc0 l     O .bss	00000004 g_timeout
00019faa l     F .recovery_ramtext	0000000a hal_watchdog_v100_get_attr
00019fb4 l     F .recovery_ramtext	0000004c hal_watchdog_v100_enable
0001a000 l     F .recovery_ramtext	00000012 hal_watchdog_v100_disable
0001a012 l     F .recovery_ramtext	00000016 hal_watchdog_v100_kick
0001a028 l     F .recovery_ramtext	00000020 hal_watchdog_v100_get_left_time
0001a048 l     F .recovery_ramtext	0000000a hal_register_watchdog_v100_callback
00000000 l    df *ABS*	00000000 hal_xip.c
0001a052 l     F .recovery_ramtext	00000006 hal_xip_auto
20015bc4 l     O .bss	00000002 g_xip_mode
00000000 l    df *ABS*	00000000 hal_xip_v150_regs_op.c
00000000 l    df *ABS*	00000000 hal_rtc.c
00000000 l    df *ABS*	00000000 hal_rtc_v100.c
2000f5f0 l     O .bss	00000004 g_rtc_int_cnt_record
2000f5f4 l     O .bss	00000010 g_hal_rtc_callback
00000000 l    df *ABS*	00000000 uart.c
2000e548 l     O .bss	00000098 g_uart_tx_state_array
0001a53a l     F .recovery_ramtext	000002a2 uart_evt_callback
0001a964 l     F .recovery_ramtext	000000ba uart_error_isr
2000e5e0 l     O .bss	00000002 g_uart_pin_configed
2000e5e4 l     O .bss	00000008 g_uart_rx_state
2000e5ec l     O .bss	00000008 g_uart_pin_config_array
2000e5f4 l     O .bss	00000008 g_uart_tx_state
2000e5fc l     O .bss	00000038 g_uart_rx_state_array
00000000 l    df *ABS*	00000000 los_driver.c
00000000 l    df *ABS*	00000000 cpu_trace.c
00000000 l    df *ABS*	00000000 dma.c
0001abf2 l     F .recovery_ramtext	0000004c dma_peripheral_cfg_param_check
20015af8 l     O .bss	00000001 g_dma_is_initialised
20015afc l     O .bss	00000004 g_hal_funcs
00000000 l    df *ABS*	00000000 flash.c
0001c4bc l     O .recovery_ramtext	0000032c g_flash_device_parameter
0001aeac l     F .recovery_ramtext	0000001c flash_get_xip_enabled
0001b208 l     F .recovery_ramtext	00000050 flash_parameter_check
0001b984 l     F .recovery_ramtext	00000216 flash_write_enable
0001b258 l     F .recovery_ramtext	00000030 flash_write_word_by_once
0001b288 l     F .recovery_ramtext	00000026 trans_complete_wait_timeout
0001bb9a l     F .recovery_ramtext	0000006a flash_spi_write_config
0001be94 l     F .recovery_ramtext	00000116 flash_status_check_func
0001c7e8 l     O .recovery_ramtext	0000000c g_winbond_flash_manufact_id
0001c7f4 l     O .recovery_ramtext	0000000c g_flash_need_cmd_unique_id
0001c800 l     O .recovery_ramtext	00000038 g_xip_use_cmd_mode
2000327c l     O .data	0000001c g_mxic_mx25rxx_enter_qspi_mode_cmd
20003298 l     O .data	00000024 g_mxic_mx25rxx_config
200032bc l     O .data	0000000e g_mxic_mx25uxx_enter_qspi_mode_cmd
200032cc l     O .data	00000024 g_mxic_mx25uxx_config
200032f0 l     O .data	0000002a g_winbond_w25qxx_enter_qspi_mode_cmd
2000331c l     O .data	00000024 g_winbond_w25qxx_config
20003340 l     O .data	0000003f g_winbond_w25q256_enter_qspi_mode_cmd
20003380 l     O .data	00000024 g_winbond_w25q256_config
200033a4 l     O .data	00000031 g_micro_mt25qu128_enter_qspi_mode_cmd
200033d5 l     O .data	0000001c g_micro_mt25qu128_enter_xip_mode_cmd
200033f4 l     O .data	00000024 g_micro_mt25qu128_config
20003418 l     O .data	0000003f g_micro_mt25qu256_enter_qspi_mode_cmd
20003457 l     O .data	00000023 g_micro_mt25qu256_enter_xip_mode_cmd
2000347c l     O .data	00000024 g_micro_mt25qu256_config
200034a0 l     O .data	0000001c g_gigadevice_gd25wq64_enter_qspi_mode_cmd
200034bc l     O .data	00000024 g_gigadevice_gd25wq64_config
200034e0 l     O .data	00000024 g_gigadevice_gd25le64_config
20003504 l     O .data	00000023 g_gigadevice_gd25lq128_enter_qspi_mode_cmd
20003528 l     O .data	00000024 g_gigadevice_gd25lx_config
2000354c l     O .data	00000038 g_gigadevice_gd25lq256_enter_qspi_mode_cmd
20003584 l     O .data	00000024 g_gigadevice_gd25lq256_config
200035a8 l     O .data	00000023 g_dosilicon_fm25m64_enter_qspi_mode_cmd
200035cc l     O .data	00000024 g_dosilicon_fm25m64_config
200035f0 l     O .data	00000023 g_gigadevice_gd25lq32d_enter_qspi_mode_cmd
20003614 l     O .data	00000024 g_dosilicon_fm25m4aa_config
20003638 l     O .data	0000002a g_puya_p25q32lc_enter_qspi_mode_cmd
20003664 l     O .data	00000024 g_puya_p25q32lc_config
20003688 l     O .data	00000023 g_adesto_at25sl128a_enter_qspi_mode_cmd
200036ac l     O .data	00000024 g_adesto_at25sl128a_config
200036d0 l     O .data	0000001c g_mxic_mx25u32_enter_qspi_mode_cmd
200036ec l     O .data	00000024 g_mxic_mx25u32_config
20003710 l     O .data	0000001c g_mxic_en25sxxa_enter_qspi_mode_cmd
2000372c l     O .data	00000024 g_mxic_en25sxxa_config
20003750 l     O .data	00000023 g_dosilicon_ds25m4ab_enter_qspi_mode_cmd
20003774 l     O .data	00000024 g_dosilicon_ds25m4ab_config
20003798 l     O .data	00000023 g_xtx_xt25qxxd_enter_qspi_mode_cmd
200037bc l     O .data	00000024 g_xtx_xt25qxxd_config
00000000 l    df *ABS*	00000000 gpio.c
20015b00 l     O .bss	00000001 g_gpio_inited
20015b04 l     O .bss	00000004 g_hal_funcs
00000000 l    df *ABS*	00000000 ipc.c
2000c164 l     O .bss	000000b4 g_ipc_sinfo
87000c10 l     O .ipc_share_mem	00000c10 ipc_share_mem0_to_2
2000c33c l     O .bss	00000064 g_ipc_mailboxes
87003040 l     O .ipc_share_mem	00000c10 ipc_share_mem2_to_0
87002430 l     O .ipc_share_mem	00000c10 ipc_share_mem1_to_2
87003c50 l     O .ipc_share_mem	00000c10 ipc_share_mem2_to_1
2000c218 l     O .bss	00000124 g_ipc_handlers
0001ca50 l     F .recovery_ramtext	0000002a ipc_start_timer
20015b08 l     O .bss	00000004 g_ipc_timer
0001ca7a l     F .recovery_ramtext	000000ce ipc_timer_callback
87000000 l     O .ipc_share_mem	00000c10 ipc_share_mem0_to_1
87001820 l     O .ipc_share_mem	00000c10 ipc_share_mem1_to_0
2000c3a0 l     O .bss	00000004 g_ipc_idle_callback_handlers
2000c3a4 l     O .bss	00000004 ipc_send_message.id
2000c3a8 l     O .bss	00000004 ipc_receive_message.count
2000c3ac l     O .bss	00000004 g_ipc_timer_index
2000c3b0 l     O .bss	00000004 g_bt_sp_to_record
2000c3b4 l     O .bss	00000004 g_ipc_ssend_default_timeout
2000c3b8 l     O .bss	00000004 g_ipc_to_bcore_continuous_fail_nums
2000c3bc l     O .bss	00000028 g_app_record_bt_lr
2000c3e4 l     O .bss	00000028 g_app_record_bt_pc
00000000 l    df *ABS*	00000000 lcd_bus.c
2000c40c l     O .bss	00000040 g_lcd_bus_api
20003e58 l     O .data	00000001 g_lcd_bus_type
00000000 l    df *ABS*	00000000 lcd_mipi.c
2000c44c l     O .bss	0000003c g_lcd_mipi_info
0001cee0 l     F .recovery_ramtext	00000022 mipi_bus_set_area
0001d10e l     F .recovery_ramtext	00000060 set_screen_display_area
0001d014 l     F .recovery_ramtext	00000024 mipi_bus_update_timing
0001d038 l     F .recovery_ramtext	00000044 mipi_bus_update_screen
00000000 l    df *ABS*	00000000 lcd_common.c
200037e0 l     O .data	00000040 g_lcd_common_api
0001d17c l     F .recovery_ramtext	00000032 lcd_drv_display_on
20015b0c l     O .bss	00000004 g_lcd_config
0001d2ea l     F .recovery_ramtext	0000006a lcd_drv_write
0001d28a l     F .recovery_ramtext	0000002c lcd_drv_set_brightness
0001d1ae l     F .recovery_ramtext	00000028 lcd_drv_display_off
0001d1d6 l     F .recovery_ramtext	0000001e lcd_drv_enter_sleep_mode
0001d1f4 l     F .recovery_ramtext	0000001e lcd_drv_exit_sleep_mode
0001d212 l     F .recovery_ramtext	0000001e lcd_drv_enter_idle_mode
0001d230 l     F .recovery_ramtext	0000001e lcd_drv_exit_idle_mode
0001d24e l     F .recovery_ramtext	0000001e lcd_drv_te_on
0001d26c l     F .recovery_ramtext	0000001e lcd_drv_te_off
0001d2b6 l     F .recovery_ramtext	00000034 lcd_drv_get_brightness
20015b10 l     O .bss	00000004 g_lcd_disp_bus
0001d354 l     F .recovery_ramtext	0000005a lcd_drv_read
0001d3ae l     F .recovery_ramtext	000000b2 lcd_drv_get_chip_id
0001d460 l     F .recovery_ramtext	0000000a lcd_drv_get_lcd_config
0001d46a l     F .recovery_ramtext	00000020 lcd_drv_set_lcd_config
0001d48a l     F .recovery_ramtext	00000080 lcd_drv_chip_id_check
00000000 l    df *ABS*	00000000 lcd_config.c
00000000 l    df *ABS*	00000000 lcd_private.c
20003e5c l     O .data	00000008 g_lcd_private_api
0001e17a l     F .recovery_ramtext	00000044 lcd_drv_power_on
0001e1be l     F .recovery_ramtext	00000034 lcd_drv_power_off
00000000 l    df *ABS*	00000000 soc_lcd_api.c
0001e1f2 l     F .recovery_ramtext	00000062 lcd_display_on
0001e26e l     F .recovery_ramtext	0000001a lcd_lock
0001e254 l     F .recovery_ramtext	0000001a lcd_unlock
0001e3d6 l     F .recovery_ramtext	0000001c lcd_lock_deinit
00000000 l    df *ABS*	00000000 mipi_tx.c
0001e4aa l     F .recovery_ramtext	00000014 mipi_tx_down_mutex
0001e4be l     F .recovery_ramtext	00000014 mipi_tx_up_mutex
00000000 l    df *ABS*	00000000 mmc_sdhci.c
00000000 l    df *ABS*	00000000 nandflash_ds35x1g.c
0001e808 l     F .recovery_ramtext	000000c8 mc_ds35x1g_init
0001e8d0 l     F .recovery_ramtext	00000026 mc_ds35x1g_check_id
2000c4d4 l     O .bss	00000010 g_qspi_data
0001e8f6 l     F .recovery_ramtext	00000042 mc_ds35x1g_read_page
00000000 l    df *ABS*	00000000 nandflash_config.c
0001ebf8 l     O .recovery_ramtext	00000010 g_volume_names
00000000 l    df *ABS*	00000000 hal_nandflash.c
20015b14 l     O .bss	00000001 is_nandflash_working
0001f916 l     F .recovery_ramtext	00000034 dma_send_done_callback
0001f9c8 l     F .recovery_ramtext	0000002a dma_recv_done_callback
2000deb0 l     O .bss	00000001 g_dma_send_done
2000deb1 l     O .bss	00000001 g_dma_send_succ
2000deb2 l     O .bss	00000001 g_dma_recv_done
2000deb3 l     O .bss	00000001 g_dma_recv_succ
2000deb4 l     O .bss	00000004 dma_recv_sem
2000deb8 l     O .bss	00000004 dma_send_sem
00000000 l    df *ABS*	00000000 nandflash_to_os.c
00000000 l    df *ABS*	00000000 nandflash_qspi.c
00000000 l    df *ABS*	00000000 nandflash.c
00000000 l    df *ABS*	00000000 pinctrl.c
00000000 l    df *ABS*	00000000 pmp.c
00000000 l    df *ABS*	00000000 drv_hash.c
0002120e l     F .recovery_ramtext	00000020 release_hash_handle
0002122e l     F .recovery_ramtext	0000005e sha_cal_start
0002128c l     F .recovery_ramtext	00000044 sha_cal_with_timeout
000212d0 l     O .recovery_ramtext	00000020 g_sha256_def_iv_data
20015b28 l     O .bss	00000004 g_align_handle
20015b2c l     O .bss	00000004 g_handles
00000000 l    df *ABS*	00000000 hash.c
00000000 l    df *ABS*	00000000 drv_pke.c
00021808 l     F .recovery_ramtext	0000013e pkcs1_mgf
0002136c l     F .recovery_ramtext	000000ec rsa_exp_mod
00021ba8 l     O .recovery_ramtext	00000018 g_pke_hash_properties
00021458 l     F .recovery_ramtext	00000048 rsa_get_bit_num
00021bd3 l     O .recovery_ramtext	00000020 g_empty_l_rsa256
00021bc0 l     O .recovery_ramtext	00000013 g_asn1_rsa256
00021bf3 l     O .recovery_ramtext	00000013 g_asn1_rsa512
00021c06 l     O .recovery_ramtext	00000040 g_empty_l_rsa512
00021b18 l     F .recovery_ramtext	0000007e pkcs1_pss_hash
00021b96 l     O .recovery_ramtext	00000010 g_bits
2000debc l     O .bss	00000200 uapi_drv_pke_rsa_verify.em
2000e33c l     O .bss	00000200 pkcs1_pss_verify.em
00021946 l     F .recovery_ramtext	000001d2 pke_calc_hash
2000e13c l     O .bss	00000200 pkcs1_mgf.seed_buf
2000e0bc l     O .bss	00000080 do_hash_update.block_mem
00000000 l    df *ABS*	00000000 pke.c
00000000 l    df *ABS*	00000000 spi.c
00021d7c l     F .recovery_ramtext	0000004a spi_param_check_write
00021e9e l     F .recovery_ramtext	00000076 spi_param_check
00021e06 l     F .recovery_ramtext	00000056 spi_param_check_read
2000e540 l     O .bss	00000007 g_spi_is_initialised
00000000 l    df *ABS*	00000000 systick.c
20015b30 l     O .bss	00000001 g_systick_hw_inited
20015b34 l     O .bss	00000004 g_hal_funcs
00000000 l    df *ABS*	00000000 tcxo.c
000220b0 l     F .recovery_ramtext	00000030 uapi_tcxo_delay_count
20015b38 l     O .bss	00000001 g_tcxo_inited
20015b3c l     O .bss	00000004 g_hal_funcs
00000000 l    df *ABS*	00000000 watchdog.c
20015b40 l     O .bss	00000001 g_watchdog_inited
20015b41 l     O .bss	00000001 g_watchdog_enabled
20015b44 l     O .bss	00000004 g_hal_funcs
00000000 l    df *ABS*	00000000 mtd_list.c
00000000 l    df *ABS*	00000000 mtdblock.c
000222f2 l     F .recovery_ramtext	00000008 mtdblock_open
000222fa l     F .recovery_ramtext	00000008 mtdblock_close
00022302 l     F .recovery_ramtext	00000008 mtdblock_read
0002230a l     F .recovery_ramtext	00000008 mtdblock_write
00022312 l     F .recovery_ramtext	00000008 mtdblock_geometry
0002231a l     F .recovery_ramtext	00000008 mtdblock_ioctl
00000000 l    df *ABS*	00000000 rtc.c
2000ecb0 l     O .bss	00000180 g_rtclist_extra
2000e6b0 l     O .bss	00000180 g_rtclist_0
2000e830 l     O .bss	00000180 g_rtclist_1
2000e9b0 l     O .bss	00000180 g_rtclist_2
2000eb30 l     O .bss	00000180 g_rtclist_3
000224be l     F .recovery_ramtext	000000fa rtc_int_callback
000227dc l     F .recovery_ramtext	00000092 rtc_update_rtcs_rtc
0002286e l     F .recovery_ramtext	00000068 rtc_get_next_rtc
00022752 l     F .recovery_ramtext	0000008a rtc_get_rtc_till_interrupt
20015b4c l     O .bss	00000001 g_rtc_inited
20015b4d l     O .bss	00000005 g_rtc_adapted
00000000 l    df *ABS*	00000000 efuse.c
00000000 l    df *ABS*	00000000 gpio_porting.c
00000000 l    df *ABS*	00000000 idle_config.c
00022a0a l     F .recovery_ramtext	0000001e idle_task_process
00000000 l    df *ABS*	00000000 tick_timer.c
00000000 l    df *ABS*	00000000 sha_porting.c
00000000 l    df *ABS*	00000000 rsa_porting.c
00000000 l    df *ABS*	00000000 efuse_porting.c
00000000 l    df *ABS*	00000000 uart_porting.c
20003a1c l     O .data	00000058 g_uart_config
20010240 l     O .bss	00000400 print_str.s
00000000 l    df *ABS*	00000000 systick_porting.c
00000000 l    df *ABS*	00000000 tcxo_porting.c
20003e70 l     O .data	00000004 g_tcxo_ticks_per_usec
00000000 l    df *ABS*	00000000 watchdog_porting.c
20003e78 l     O .data	00000004 g_watchdog_config
00000000 l    df *ABS*	00000000 pinctrl_porting_brandy.c
00023358 l     O .recovery_ramtext	00000084 g_pio_pins_avaliable_mode
00000000 l    df *ABS*	00000000 xip_porting.c
00000000 l    df *ABS*	00000000 pmp_porting.c
00000000 l    df *ABS*	00000000 dma_porting.c
00023486 l     F .recovery_ramtext	0000000a irq_dma_handler
00023490 l     F .recovery_ramtext	0000000a irq_sdma_handler
20015bd4 l     O .bss	00000004 g_dma_handshaking_channel_status
0002357a l     F .recovery_ramtext	0000003c dma_port_get_handshaking_channel_status
000235b6 l     F .recovery_ramtext	00000076 dma_port_switch_hardware_channel
0002364c l     F .recovery_ramtext	00000050 dma_port_set_mux_get_real_ch
00000000 l    df *ABS*	00000000 spi_porting.c
000238c4 l     O .recovery_ramtext	0000001c g_spi_max_slave_select
00000000 l    df *ABS*	00000000 flash_porting.c
000239ec l     O .recovery_ramtext	00000054 g_flash_porting_config
000239aa l     F .recovery_ramtext	00000042 flash_1_power_on
20003e88 l     O .data	00000001 g_bt_power_on
20003e89 l     O .data	00000001 g_flash1_power_on
20003a90 l     O .data	00000004 g_flash_bus_clk
20003a94 l     O .data	00000004 g_flash_enter_qspi_freq_mhz
20003a98 l     O .data	00000004 g_flash_exit_xip_freq_mhz
20003a9c l     O .data	00000004 g_flash_enter_xip_freq_mhz
00000000 l    df *ABS*	00000000 rtc_porting.c
00023b4c l     O .recovery_ramtext	00000010 g_rtc_base_addr
00023b5c l     O .recovery_ramtext	00000010 rtc_irq_handler
20003e98 l     O .data	00000004 g_rtc_clock_value
00023af2 l     F .recovery_ramtext	00000016 rtc0_irq_handler
00023b08 l     F .recovery_ramtext	00000016 rtc1_irq_handler
00023b1e l     F .recovery_ramtext	00000016 rtc2_irq_handler
00023b34 l     F .recovery_ramtext	00000016 rtc3_irq_handler
00000000 l    df *ABS*	00000000 interrupt.c
00000000 l    df *ABS*	00000000 pmp_config.c
00000000 l    df *ABS*	00000000 clocks_config_priv.c
00023cfe l     O .recovery_ramtext	00000096 g_system_all_core_clocks
00023d94 l     O .recovery_ramtext	0000002c g_system_mcu_perp_clk_set_config
00023dc0 l     O .recovery_ramtext	0000004e g_system_clkcg_config
00000000 l    df *ABS*	00000000 clocks.c
00000000 l    df *ABS*	00000000 hal_clocks_app.c
00000000 l    df *ABS*	00000000 hal_clocks_app_priv.c
000245a0 l     O .recovery_ramtext	0000003c g_ccrg_modules_reg_map
00000000 l    df *ABS*	00000000 hal_clocks_glb.c
00000000 l    df *ABS*	00000000 hal_clocks_sdio.c
00000000 l    df *ABS*	00000000 hal_clocks.c
00000000 l    df *ABS*	00000000 clocks_core.c
200107b0 l     O .bss	0000001e g_system_resume_clocks
00024790 l     F .recovery_ramtext	00000036 master_inform_slave_adjust_freq
00000000 l    df *ABS*	00000000 clocks_switch_priv.c
00000000 l    df *ABS*	00000000 clocks_switch.c
200107d0 l     O .bss	00000001 g_perpls_clock_reload
00000000 l    df *ABS*	00000000 clocks_core_common.c
00000000 l    df *ABS*	00000000 pmu_cmu.c
20015bd9 l     O .bss	00000001 pmu_cmu_pll_step.first_cfg_pll_vld
00000000 l    df *ABS*	00000000 pmu_ldo.c
00000000 l    df *ABS*	00000000 pmu_pg.c
00000000 l    df *ABS*	00000000 pmu_vdd.c
20003ec0 l     O .sys_status	00000014 g_pmu_vdd1p0_st
00000000 l    df *ABS*	00000000 pmu.c
00000000 l    df *ABS*	00000000 hal_pmu_cmu.c
00000000 l    df *ABS*	00000000 hal_pmu_ldo.c
00000000 l    df *ABS*	00000000 hal_pmu_pg.c
0002554e l     F .recovery_ramtext	00000028 hal_pmu1_dig_pg_common_reg_get
000256f4 l     O .recovery_ramtext	00000044 g_pmu1_dig_pg_regs
00000000 l    df *ABS*	00000000 hal_pmu_vdd.c
00000000 l    df *ABS*	00000000 hal_pmu_peripheral_app.c
00025ad4 l     F .recovery_ramtext	0000005e hal_pmu_mcu_perips_clk_en
00000000 l    df *ABS*	00000000 main.c
2000c00c l     O .bss	00000028 ssb_to_app_table
00000000 l    df *ABS*	00000000 app_os_init.c
2000321c l     O .data	00000030 g_app_tasks
00025f30 l     F .recovery_ramtext	00000156 app_main
00026086 l     F .recovery_ramtext	00000018 upg_putc
00000000 l    df *ABS*	00000000 recovery_display.c
000262e4 l     O .recovery_ramtext	00000040 g_recovery_display_api_mipi
00000000 l    df *ABS*	00000000 los_bitmap.c
00000000 l    df *ABS*	00000000 los_event.c
0002648a l     F .recovery_ramtext	000000d2 OsEventRead
00026560 l     F .recovery_ramtext	000000be OsEventWrite
00000000 l    df *ABS*	00000000 los_exc.c
00000000 l    df *ABS*	00000000 los_hwi.c
00026830 l     F .recovery_ramtext	0000003e OsHwiDel
00000000 l    df *ABS*	00000000 los_mem_dfx.c
00000000 l    df *ABS*	00000000 los_memory.c
000269ac l     F .recovery_ramtext	00000142 OsMemAllocWithCheck
00026d1a l     F .recovery_ramtext	0000007e OsGetRealPtr
00026d98 l     F .recovery_ramtext	0000012a OsMemFreeNode
00000000 l    df *ABS*	00000000 los_memstat.c
00000000 l    df *ABS*	00000000 los_misc.c
0002736e l     F .recovery_ramtext	00000050 DumpByte
00000000 l    df *ABS*	00000000 los_multipledlinkhead.c
00000000 l    df *ABS*	00000000 los_mux.c
20004020 l     O .bss	00000008 g_unusedMuxList
00000000 l    df *ABS*	00000000 los_printf.c
000277f8 l     F .recovery_ramtext	000000f2 OsVprintf
00000000 l    df *ABS*	00000000 los_priqueue.c
20004158 l     O .bss	00000004 g_priQueueBitmap
00000000 l    df *ABS*	00000000 los_queue.c
20004160 l     O .bss	00000008 g_freeQueueList
00000000 l    df *ABS*	00000000 los_sched.c
00000000 l    df *ABS*	00000000 los_sem.c
00027dd8 l     F .recovery_ramtext	00000056 OsSemCreate
2000416c l     O .bss	00000008 g_unusedSemList
00000000 l    df *ABS*	00000000 los_slab.c
00000000 l    df *ABS*	00000000 los_slabmem.c
20003000 l     O .data	00000010 g_slabAllocatorSizeCfg
00000000 l    df *ABS*	00000000 los_sortlink.c
00000000 l    df *ABS*	00000000 los_stackinfo.c
00000000 l    df *ABS*	00000000 los_swtmr.c
2000418c l     O .bss	00000008 g_swtmrSortlink
00000000 l    df *ABS*	00000000 los_task.c
00028d36 l     F .recovery_ramtext	00000258 OsTaskCreateOnly
200041c8 l     O .bss	00000008 g_taskSortlink
00000000 l    df *ABS*	00000000 los_tick.c
00000000 l    df *ABS*	00000000 cache.c
00000000 l    df *ABS*	00000000 dispatch.S.obj
40000000 l       *ABS*	00000000 REG_CCAUSE_HARD_FAULT_MASK
80000000 l       *ABS*	00000000 REG_CCAUSE_LOCK_UP_MASK
80000000 l       *ABS*	00000000 MCAUSE_MASK_INT_BIT
0002940e l       .recovery_ramtext	00000000 SaveRunTask
0002947e l       .recovery_ramtext	00000000 SwitchNewTask
00000000 l    df *ABS*	00000000 exception.S.obj
40000000 l       *ABS*	00000000 REG_CCAUSE_HARD_FAULT_MASK
80000000 l       *ABS*	00000000 REG_CCAUSE_LOCK_UP_MASK
80000000 l       *ABS*	00000000 MCAUSE_MASK_INT_BIT
00000fc2 l       *ABS*	00000000 ccause
00029660 l       .recovery_ramtext	00000000 trapEntry
00029560 l       .recovery_ramtext	00000000 nmiHandle
00000000 l    df *ABS*	00000000 fault.c
20003e40 l     O .data	00000004 g_excHook
00029910 l     O .recovery_ramtext	0000001c g_xRegsMap
00000000 l    df *ABS*	00000000 task.c
00000000 l    df *ABS*	00000000 trap.S.obj
40000000 l       *ABS*	00000000 REG_CCAUSE_HARD_FAULT_MASK
80000000 l       *ABS*	00000000 REG_CCAUSE_LOCK_UP_MASK
80000000 l       *ABS*	00000000 MCAUSE_MASK_INT_BIT
00000fff l       *ABS*	00000000 MCAUSE_MASK_INT_NUM
00029a52 l       .recovery_ramtext	00000000 TaskSwitch
00029a4a l       .recovery_ramtext	00000000 InterruptPost
00000000 l    df *ABS*	00000000 LzmaDec.c
00029ef0 l     F .recovery_ramtext	00000458 LzmaDec_TryDummy
0002a348 l     F .recovery_ramtext	00000ec6 LzmaDec_DecodeReal2
0002b3ae l     F .recovery_ramtext	00000060 LzmaDec_AllocateProbs2
00000000 l    df *ABS*	00000000 __fdopen.c
200043ac l     O .bss	00000001 init_first
20003010 l     O .data	00000004 lastglue
20003020 l     O .data	00000014 lock_glue
00000000 l    df *ABS*	00000000 __fmodeflags.c
00000000 l    df *ABS*	00000000 __lctrans.c
0002b742 l     F .recovery_ramtext	00000002 dummy
00000000 l    df *ABS*	00000000 __lockfile.c
00000000 l    df *ABS*	00000000 __stdio_close.c
0002b764 l     F .recovery_ramtext	00000002 dummy
00000000 l    df *ABS*	00000000 __stdio_read.c
00000000 l    df *ABS*	00000000 __stdio_seek.c
00000000 l    df *ABS*	00000000 __stdio_write.c
00000000 l    df *ABS*	00000000 __stdout_write.c
00000000 l    df *ABS*	00000000 __towrite.c
00000000 l    df *ABS*	00000000 cstdlib.c
00000000 l    df *ABS*	00000000 errno.c
200044b4 l     O .bss	00000004 g_errnoIsr
00000000 l    df *ABS*	00000000 fclose.c
0002b9ce l     F .recovery_ramtext	00000002 dummy
00000000 l    df *ABS*	00000000 ferror.c
00000000 l    df *ABS*	00000000 fflush.c
00000000 l    df *ABS*	00000000 fopen.c
00000000 l    df *ABS*	00000000 fseek.c
00000000 l    df *ABS*	00000000 fwrite.c
00000000 l    df *ABS*	00000000 libc_init.c
20003034 l     O .data	00000018 g_localeEntity
0002bdb4 l     O .recovery_ramtext	00000024 g_localeMap
00000000 l    df *ABS*	00000000 memalign.c
00000000 l    df *ABS*	00000000 memchr.c
00000000 l    df *ABS*	00000000 memcmp.c
00000000 l    df *ABS*	00000000 ofl.c
2000304c l     O .data	00000014 ofl_lock
200044b8 l     O .bss	00000004 ofl_head
00000000 l    df *ABS*	00000000 ofl_add.c
00000000 l    df *ABS*	00000000 printf.c
00000000 l    df *ABS*	00000000 remove.c
00000000 l    df *ABS*	00000000 stpcpy.c
00000000 l    df *ABS*	00000000 stpncpy.c
00000000 l    df *ABS*	00000000 strchr.c
00000000 l    df *ABS*	00000000 strchrnul.c
00000000 l    df *ABS*	00000000 strcpy.c
00000000 l    df *ABS*	00000000 strdup.c
00000000 l    df *ABS*	00000000 strerror.c
0002c900 l     O .recovery_ramtext	00000108 errmsgidx
0002c186 l     O .recovery_ramtext	0000077a errmsgstr
00000000 l    df *ABS*	00000000 strlen.c
00000000 l    df *ABS*	00000000 strncat.c
00000000 l    df *ABS*	00000000 strncmp.c
00000000 l    df *ABS*	00000000 strncpy.c
00000000 l    df *ABS*	00000000 strnlen.c
00000000 l    df *ABS*	00000000 strstr.c
00000000 l    df *ABS*	00000000 time.c
20004cd8 l     O .bss	00000001 g_adjDirection
20004ce0 l     O .bss	00000008 g_adjTimeLeft
20004ce8 l     O .bss	00000008 g_accDeltaFromAdj.0
20004cf0 l     O .bss	00000008 g_accDeltaFromAdj.1
20004cf8 l     O .bss	00000008 g_accDeltaFromSet.0
20004d00 l     O .bss	00000008 g_accDeltaFromSet.1
00000000 l    df *ABS*	00000000 vfprintf.c
0002cf9e l     F .recovery_ramtext	000000ec vfprintf_core
0002d090 l     F .recovery_ramtext	0000132c printf_core
0002e6bc l     O .recovery_ramtext	000001d0 states
0002e88c l     O .recovery_ramtext	00000010 xdigits
0002e4d2 l     F .recovery_ramtext	00000092 pop_arg
0002e602 l     F .recovery_ramtext	00000086 pad
0002e4bc l     F .recovery_ramtext	00000016 out
0002e5ac l     F .recovery_ramtext	00000056 fmt_u
00000000 l    df *ABS*	00000000 vsnprintf.c
0002e91c l     F .recovery_ramtext	00000064 sn_write
00000000 l    df *ABS*	00000000 vsprintf.c
00000000 l    df *ABS*	00000000 wcrtomb.c
00000000 l    df *ABS*	00000000 wctomb.c
00000000 l    df *ABS*	00000000 zalloc.c
00000000 l    df *ABS*	00000000 cmsis_liteos2.c
20004d08 l     O .bss	00000004 g_kernelState
0002ee54 l     O .recovery_ramtext	00000028 sikey_replacement_map
0002ec84 l     F .recovery_ramtext	00000002 sikey_funcation1
0002ec86 l     F .recovery_ramtext	00000002 sikey_funcation2
0002ec88 l     F .recovery_ramtext	00000002 sikey_funcation3
0002ec8a l     F .recovery_ramtext	00000002 sikey_funcation4
00000000 l    df *ABS*	00000000 strcmp.S.obj
0002f3a2 l       .recovery_ramtext	00000000 .misaligned0
0002f3c6 l       .recovery_ramtext	00000000 .misaligned1
0002f318 l       .recovery_ramtext	00000000 .loop_ready
0002f322 l       .recovery_ramtext	00000000 .loop_four_bytes
0002f39c l       .recovery_ramtext	00000000 .null_byte
0002f346 l       .recovery_ramtext	00000000 .mismatch
0002f3d8 l       .recovery_ramtext	00000000 .ret_sub_value
0002f3d4 l       .recovery_ramtext	00000000 .ret_0
0002f3a8 l       .recovery_ramtext	00000000 .misaligned_types
0002f3b2 l       .recovery_ramtext	00000000 .loop_unaligned_types
00000000 l    df *ABS*	00000000 los_init.c
20004d24 l     O .bss	00000068 g_mainTask
0002f402 l     F .recovery_ramtext	00000078 OsRegister
20004d8c l     O .bss	00001a68 g_taskCBArray
200067f4 l     O .bss	00000780 g_allQueue
20006f74 l     O .bss	00001400 g_allMux
20008374 l     O .bss	00000280 g_allSem
200085f4 l     O .bss	00000708 g_swtmrCBArray
20008cfc l     O .bss	000000c8 g_expirybuf
20008dd0 l     O .bss	00001800 g_swtmrTaskStack
2000a5d0 l     O .bss	00000c00 g_idleTaskStack
0002f4b6 l     F .recovery_ramtext	00000016 OsIpcInit
0002f4cc l     F .recovery_ramtext	00000072 OsAppTaskCreate
2000b1d0 l     O .bss	00000800 g_defaultTaskStack
0002f53e l     F .recovery_ramtext	0000000c DoOsMemSystemInit
00000000 l    df *ABS*	00000000 riscv_lcmp_clic.c
0002f7a8 l     O .recovery_ramtext	00000024 g_clicOps
00000000 l    df *ABS*	00000000 module.c
00000000 l    df *ABS*	00000000 pendlist.c
00000000 l    df *ABS*	00000000 time.c
00000000 l    df *ABS*	00000000 workqueue.c
0002fa9c l     F .recovery_ramtext	00000064 WorkerThread
00000000 l    df *ABS*	00000000 frexpl.c
00000000 l    df *ABS*	00000000 pthread_mutex.c
0002fc86 l     F .recovery_ramtext	000000b8 OsMuxPendForPosix
0002fd3e l     F .recovery_ramtext	0000005a MapErrno
00000000 l    df *ABS*	00000000 memcpy_s.c
0002fe10 l     F .recovery_ramtext	00000076 SecMemcpyError
00000000 l    df *ABS*	00000000 memset_s.c
00000000 l    df *ABS*	00000000 secureprintoutput_a.c
00031028 l     O .recovery_ramtext	00000014 g_itoaUpperDigits
0003103c l     O .recovery_ramtext	00000151 SecDecodeState.stateTable
0003118d l     O .recovery_ramtext	00000014 g_itoaLowerDigits
00030ff4 l     F .recovery_ramtext	00000034 SecFormatFloat
2000324c l     O .data	00000008 SecDecodeTypeSchar.strNullString
20003254 l     O .data	00000008 SecNumberCompatZero.strNullPointer
2000325c l     O .data	00000020 SecDecodeTypeSwchar.wStrNullString
00000000 l    df *ABS*	00000000 snprintf_s.c
00000000 l    df *ABS*	00000000 sprintf_s.c
00000000 l    df *ABS*	00000000 strcpy_s.c
00000000 l    df *ABS*	00000000 strncpy_s.c
00000000 l    df *ABS*	00000000 vsnprintf_s.c
00000000 l    df *ABS*	00000000 vsprintf_s.c
00000000 l    df *ABS*	00000000 board.c
00000000 l    df *ABS*	00000000 los_irmalloc.c
00000000 l    df *ABS*	00000000 os_adapt.c
2000c008 l     O .bss	00000004 g_low_power_hook
00000000 l    df *ABS*	00000000 tick_adapt.c
00000000 l    df *ABS*	00000000 floatops.c
00000000 l    df *ABS*	00000000 intops_rv.c
00000000 l    df *ABS*	00000000 addtf3.c
00000000 l    df *ABS*	00000000 ashlti3.c
00000000 l    df *ABS*	00000000 comparedf2.c
00000000 l    df *ABS*	00000000 extenddftf2.c
00000000 l    df *ABS*	00000000 fp_mode.c
00000000 l    df *ABS*	00000000 lshrti3.c
00000000 l    df *ABS*	00000000 trunctfdf2.c
00000000 l    df *ABS*	00000000 los_cpup.c
2000c058 l     O .bss	00000058 g_cpuHistoryTime
2000c0b0 l     O .bss	00000001 g_cpupStatus
2000c0b2 l     O .bss	00000002 g_hisPos
2000c0b4 l     O .bss	00000002 g_cpupSwtmrId
2000c0c0 l     O .bss	00000004 g_coreCpup.0.0
2000c0c8 l     O .bss	00000008 g_startCycles
2000c0d0 l     O .bss	00000008 g_coreCpup.0.1
2000c0d8 l     O .bss	00000008 g_coreCpup.0.2
2000c0e0 l     O .bss	00000008 g_coreCpup.0.3
00000000 l    df *ABS*	00000000 los_ld_initlib.c
2000c0f4 l     O .bss	00000004 g_osSymtblModuleHandler
2000c0f8 l     O .bss	00000004 g_loadLocker
2000c0fc l     O .bss	00000004 g_osDynloadHeap
00000000 l    df *ABS*	00000000 soc_dpu_api.c
70ba39ca l     F .text	00000020 dpu_trans_layer_fmt_api2drv
20015be0 l     O .bss	00000004 g_dpu_dev_init_cnt
20003bf0 l     O .data	00000004 g_dpu_dev_fd
20003bf4 l     O .data	00000014 g_dpu_dev_mutex
00000000 l    df *ABS*	00000000 drv_dpu_intf.c
70ba3a18 l     F .text	00000050 drv_dpu_set_suspend_flag
20003c08 l     O .data	000000a0 g_dpu_ioctl_cmd_list
20003ca8 l     O .data	00000038 g_dpu_register_data
70ba3b82 l     F .text	00000008 drv_dpu_open
70ba3b8a l     F .text	00000008 drv_dpu_close
20003ce0 l     O .data	00000028 g_dpu_file_fops
20003d08 l     O .data	0000001c g_dpu_ops
20015be4 l     O .bss	00000001 g_dpu_suspend_flag
20015be5 l     O .bss	00000001 g_is_qspi
00000000 l    df *ABS*	00000000 dpu_ioctl.c
00000000 l    df *ABS*	00000000 dpu_layer.c
70ba3eb8 l     F .text	0000001e dpu_layer_hal_init
20010a94 l     O .bss	00000008 g_dpu_layer_dev
20010a9c l     O .bss	0000001c g_dpu_context
00000000 l    df *ABS*	00000000 dpu_disp.c
20010ab8 l     O .bss	00000060 g_dpu_disp_info
70ba4e2c l     F .text	00000016 disp_set_cbm_default_priority
70ba50d8 l     F .text	000000aa disp_get_panel_timing
00000000 l    df *ABS*	00000000 dpu_clock.c
00000000 l    df *ABS*	00000000 dpu_isr.c
70ba52fe l     F .text	00000158 isr_disp_main
70ba54d4 l     F .text	0000000a isr_get_finish_done
70ba550c l     F .text	0000000a isr_get_te_signal_done
20010b18 l     O .bss	00000004 dpu_isr_wait_finish.dpu_timeout_cnt
20010b1c l     O .bss	00000004 dpu_wait_all_finish.dpu_timeout_cnt
20010b20 l     O .bss	00000014 g_dpu_isr_info
00000000 l    df *ABS*	00000000 dpu_dfx.c
70ba597a l     F .text	00000078 read_reg_with_cnt
20010b34 l     O .bss	00000004 g_save_cnt
20010b38 l     O .bss	00000074 g_dpu_dfx_info
00000000 l    df *ABS*	00000000 dpu_hal.c
20015be8 l     O .bss	00000004 g_dpu_reg
00000000 l    df *ABS*	00000000 dpu_hal_crg.c
00000000 l    df *ABS*	00000000 dpu_hal_disp.c
00000000 l    df *ABS*	00000000 dpu_hal_layer.c
00000000 l    df *ABS*	00000000 dpu_qspi.c
20010bac l     O .bss	0000001c g_qspi_info
70ba7da6 l     F .text	0000003c qspi_te_isr_callback
70ba7e8a l     F .text	0000001e qspi_frm_done_callback
70ba7eb2 l     F .text	0000000a qspi_get_frm_done
70ba7ea8 l     F .text	0000000a qspi_get_te_done
00000000 l    df *ABS*	00000000 fs_unlink.c
00000000 l    df *ABS*	00000000 fs_rmdir.c
00000000 l    df *ABS*	00000000 fs_open.c
00000000 l    df *ABS*	00000000 fullpath.c
00000000 l    df *ABS*	00000000 fs_lseek.c
00000000 l    df *ABS*	00000000 fs_mkdir.c
00000000 l    df *ABS*	00000000 fs_statfs.c
00000000 l    df *ABS*	00000000 fs_dupfd.c
00000000 l    df *ABS*	00000000 fs_stat.c
00000000 l    df *ABS*	00000000 fs_read.c
00000000 l    df *ABS*	00000000 fs_writev.c
00000000 l    df *ABS*	00000000 fs_fsync.c
00000000 l    df *ABS*	00000000 fs_fcntl.c
00000000 l    df *ABS*	00000000 fs_initialize.c
00000000 l    df *ABS*	00000000 fs_readv.c
00000000 l    df *ABS*	00000000 fs_getfilep.c
00000000 l    df *ABS*	00000000 fs_close.c
00000000 l    df *ABS*	00000000 fs_init.c
20015bf8 l     O .bss	00000001 los_vfs_init.g_vfs_init
00000000 l    df *ABS*	00000000 fs_other.c
00000000 l    df *ABS*	00000000 fs_lseek64.c
00000000 l    df *ABS*	00000000 fs_write.c
00000000 l    df *ABS*	00000000 fs_inoderelease.c
00000000 l    df *ABS*	00000000 fs_inode.c
20010d04 l     O .bss	0000000c g_inode_sem
00000000 l    df *ABS*	00000000 fs_files.c
70ba91ea l     F .text	0000003e _files_close
20011d18 l     O .bss	00000014 bitmap
00000000 l    df *ABS*	00000000 fs_inodesearch.c
00000000 l    df *ABS*	00000000 fs_inoderemove.c
00000000 l    df *ABS*	00000000 fs_inodefree.c
00000000 l    df *ABS*	00000000 fs_inodereserve.c
70ba95fa l     F .text	00000054 inode_alloc
70ba964e l     F .text	00000020 inode_insert
00000000 l    df *ABS*	00000000 fs_inodefind.c
00000000 l    df *ABS*	00000000 fs_readdir.c
00000000 l    df *ABS*	00000000 fs_opendir.c
00000000 l    df *ABS*	00000000 fs_closedir.c
00000000 l    df *ABS*	00000000 fs_mount.c
00000000 l    df *ABS*	00000000 fs_findblockdriver.c
00000000 l    df *ABS*	00000000 fs_unregisterblockdriver.c
00000000 l    df *ABS*	00000000 fs_registerblockdriver.c
00000000 l    df *ABS*	00000000 fs_registerdriver.c
00000000 l    df *ABS*	00000000 nuttx_sem.c
00000000 l    df *ABS*	00000000 vfs_fs.c
00000000 l    df *ABS*	00000000 mtd_partition.c
70baa566 l     F .text	00000042 BlockDriverUnregister
20011d2c l     O .bss	00000001 g_MtdPartitionInitFlag
00000000 l    df *ABS*	00000000 disk.c
70baa64c l     F .text	00000060 OsPartFind
00000000 l    df *ABS*	00000000 mtd_nandcfg.c
00000000 l    df *ABS*	00000000 vfs_yaffs2.c
00000000 l    df *ABS*	00000000 yaffs_nandcfg.c
00000000 l    df *ABS*	00000000 yaffs_osglue.c
20015c10 l     O .bss	00000004 yaffsfs_lastError
2001238c l     O .bss	00000004 yaffs_mutex
20012390 l     O .bss	00000014 yaffs_event
00000000 l    df *ABS*	00000000 yaffs_allocator.c
00000000 l    df *ABS*	00000000 yaffs_bitmap.c
00000000 l    df *ABS*	00000000 yaffs_checkptrw.c
70babac2 l     F .text	000000c2 yaffs2_checkpt_init_chunk_hdr
70babb84 l     F .text	000000d8 yaffs_checkpt_erase
70babd00 l     F .text	0000018a yaffs2_checkpt_flush_buffer
00000000 l    df *ABS*	00000000 yaffs_ecc.c
70bb55ad l     O .text	00000100 column_parity_table
00000000 l    df *ABS*	00000000 yaffs_endian.c
00000000 l    df *ABS*	00000000 yaffs_guts.c
70bac860 l     F .text	00000096 yaffs_fix_null_name
70bac8f6 l     F .text	00000034 yaffs_calc_name_sum
70bacb0e l     F .text	0000001a yaffs_free_tnode
70bacb82 l     F .text	00000076 yaffs_find_chunk_in_group
70bace18 l     F .text	00000066 yaffs_load_tnode_0
70bacedc l     F .text	0000002a yaffs_remove_obj_from_dir
70bacf4c l     F .text	0000003a yaffs_flush_file_cache
70bafc92 l     F .text	0000002c yaffs_flush_single_cache
70bacfe8 l     F .text	00000216 yaffs_new_obj
70bad25a l     F .text	000000c2 yaffs_create_obj
70baf1e6 l     F .text	0000005a yaffs_update_parent
70bad4d2 l     F .text	00000632 yaffs_check_gc
70bade90 l     F .text	0000035e yaffs_write_new_chunk
70baece6 l     F .text	0000009e yaffs_generic_obj_del
70baddd6 l     F .text	00000090 yaffs_check_obj_details_loaded
70bae324 l     F .text	00000038 yaffs_find_chunk_cache
70bae35c l     F .text	0000005c yaffs_grab_chunk_cache
70bae3b8 l     F .text	00000036 yaffs_rd_data_obj
70bae3ee l     F .text	00000056 yaffs_use_cache
70bae692 l     F .text	0000011e yaffs_wr_data_obj
70bafcbe l     F .text	00000094 yaffs_prune_worker
70baea96 l     F .text	00000038 yaffs_invalidate_whole_cache
70baeb8e l     F .text	00000108 yaffs_del_file
70baecb6 l     F .text	00000014 yaffs_del_symlink
70baec96 l     F .text	00000020 yaffs_del_dir
70baecca l     F .text	0000001c yaffs_del_link
70baf148 l     F .text	0000009e yaffs_change_obj_name
70bafd52 l     F .text	00000060 yaffs_soft_del_file
70bafe68 l     F .text	00000032 yaffs_del_dir_contents
70baf936 l     F .text	000000ce yaffs_init_blocks
70bafa04 l     F .text	00000028 yaffs_init_tnodes_and_objs
70bafa2c l     F .text	0000007e yaffs_create_initial_dir
70bafaaa l     F .text	00000040 yaffs_deinit_blocks
70bafe9a l     F .text	00000026 yaffs_create_fake_dir
70bafdb2 l     F .text	000000b6 yaffs_soft_del_worker
00000000 l    df *ABS*	00000000 yaffs_nand.c
00000000 l    df *ABS*	00000000 yaffs_packedtags2.c
00000000 l    df *ABS*	00000000 yaffs_summary.c
00000000 l    df *ABS*	00000000 yaffs_tagscompat.c
00000000 l    df *ABS*	00000000 yaffs_tagsmarshall.c
70bb08f0 l     F .text	00000086 yaffs_tags_marshall_write
70bb0976 l     F .text	00000166 yaffs_tags_marshall_read
70bb0adc l     F .text	00000082 yaffs_tags_marshall_query_block
70bb0b5e l     F .text	0000000c yaffs_tags_marshall_mark_bad
00000000 l    df *ABS*	00000000 yaffs_yaffs2.c
70bb0db4 l     F .text	00000044 yaffs2_do_endian_tnode
70bb228a l     F .text	0000007a yaffs2_wr_checkpt_validity_marker
70bb2304 l     F .text	000000c6 yaffs2_do_endian_checkpt_obj
70bb23ca l     F .text	000000a4 yaffs2_checkpt_tnode_worker
70bb246e l     F .text	000000e4 yaffs2_rd_checkpt_validity_marker
70bb2270 l     F .text	0000001a yaffs2_ybicmp
00000000 l    df *ABS*	00000000 yaffs_attribs.c
00000000 l    df *ABS*	00000000 yaffs_hweight.c
70bb56fc l     O .text	00000100 yaffs_count_bits_table
00000000 l    df *ABS*	00000000 yaffs_nand_drv.c
20003eb4 l     O .data	00000001 g_yaffs_nand_checkpt_cfg
70bb2774 l     F .text	0000000c yaffs_nand_drv_WriteChunk
70bb2780 l     F .text	00000012 yaffs_nand_drv_ReadChunk
70bb2792 l     F .text	0000000a yaffs_nand_drv_EraseBlock
70bb279c l     F .text	0000000a yaffs_nand_drv_MarkBad
70bb27a6 l     F .text	0000000a yaffs_nand_drv_CheckBad
70bb27b0 l     F .text	00000008 yaffs_nand_drv_Initialise
70bb27b8 l     F .text	00000008 yaffs_nand_drv_Deinitialise
00000000 l    df *ABS*	00000000 yaffs_qsort.c
00000000 l    df *ABS*	00000000 yaffsfs.c
70bb2dfc l     F .text	000000f4 yaffsfs_FindDevice
20012d08 l     O .bss	00000190 yaffsfs_handle
70bb2f76 l     F .text	00000034 yaffsfs_HandleToFileDes
200123a8 l     O .bss	00000640 yaffsfs_fd
70bb3524 l     F .text	00000046 yaffsfs_CheckPath
70bb356a l     F .text	00000090 yaffsfs_FindObject
70bb35fa l     F .text	00000038 yaffsfs_FollowLink
70bb3632 l     F .text	0000013c yaffsfs_opendir_reldir_no_lock
70bb376e l     F .text	00000132 yaffsfs_FindDirectory
200129e8 l     O .bss	00000320 yaffsfs_inode
70bb38a0 l     F .text	000000a2 yaffsfs_PutHandle
20012e98 l     O .bss	00002ad0 yaffsfs_dsc
20015c20 l     O .bss	00000008 search_contexts
70bb4cca l     F .text	0000003a yaffsfs_SetDirRewound
70bb4c48 l     F .text	0000004e yaffsfs_closedir_no_lock
70bb4c96 l     F .text	00000034 yaffsfs_PutInode
70bb39f0 l     F .text	00000040 yaffsfs_HandleToObject
70bb3e32 l     F .text	00000134 yaffsfs_DoUnlink_reldir
70bb4182 l     F .text	00000066 yaffsfs_alt_dir_path
70bb41f8 l     F .text	00000198 yaffsfs_DoStatOrLStat_reldir
70bb463a l     F .text	000000a8 yaffsfs_InitHandles
20015c1c l     O .bss	00000001 yaffsfs_handlesInitialised
70bb4838 l     F .text	00000044 yaffsfs_IsDevBusy
70bb487c l     F .text	00000086 yaffsfs_BreakDeviceHandles
70bb4aa8 l     F .text	0000003a yaffsfs_RemoveObjectCallback
70bb4bba l     F .text	00000038 yaffsfs_DirAdvance
20015c14 l     O .bss	00000004 dev_iterator
00000000 l    df *ABS*	00000000 stderr.c
200044bc l     O .bss	00000008 buf
00000000 l    df *ABS*	00000000 stdin.c
200044c4 l     O .bss	00000408 buf
00000000 l    df *ABS*	00000000 stdout.c
200048cc l     O .bss	00000408 buf
00000000 l    df *ABS*	00000000 interrupt_adapter.c
00000000 l    df *ABS*	00000000 interrupt_os_adapter.c
00000000 l    df *ABS*	00000000 canary.c
00000000 l    df *ABS*	00000000 los_percpu.c
0001d5e8 g     O .recovery_ramtext	00000024 g_panel_194x368_qspi_config
70ba72ca g     F .text	0000003e dpu_reg_set_g1_cvfir_vcoef0_vccoef01
0002bedc g     F .recovery_ramtext	00000038 printf
20004028 g     O .bss	00000030 g_percpu
000194b4 g     F .recovery_ramtext	00000022 hal_tcxo_v150_regs_init
0001832e g     F .recovery_ramtext	0000000a hal_sha_unregister_funcs
0002ea9e g     F .recovery_ramtext	00000028 osKernelInitialize
70bb0e20 g     F .text	000003fc yaffs_checkpoint_save
70bb49bc g     F .text	000000a6 yaffs_totalspace_common
000193dc g     F .recovery_ramtext	0000000e hal_systick_v150_regs_init
2000c0b8 g     O .bss	00000004 g_cpup
70baf3b0 g     F .text	00000036 yaffs_get_obj_length
000332c0 g       *ABS*	00000000 __initcall7_end
000332c0 g       .recovery_ramtext	00000000 __fini_array_end
70ba660c g     F .text	0000001c dpu_reg_set_vointmsk_enable
00022d64 g     F .recovery_ramtext	00000014 uart_porting_base_addr_get
0001d5a0 g     O .recovery_ramtext	00000024 g_panel_454x454_60_config
70baad08 g     F .text	00000022 vfs_yaffs_seek
70ba795e g     F .text	0000002e dpu_reg_set_gfx_stride_c_surface_stride_c
20015c18 g     O .bss	00000004 yaffs_wr_attempts
00022bac g     F .recovery_ramtext	0000006a rsa_set_attr
70bb25f6 g     F .text	00000038 yaffs_hweight32
000164e0 g     F .recovery_ramtext	0000000e hal_gpio_context_get
00016e64 g     F .recovery_ramtext	0000005c hal_ipc_interrupt_security
70ba7ca6 g     F .text	00000030 dpu_reg_set_gfx_htc_dcmp_pix_format
000156ac g     F .recovery_ramtext	00000030 non_os_is_driver_initialised
00029764 g     F .recovery_ramtext	00000004 ArchExcInit
20015c38 g       *ABS*	00000000 g_intheap_begin
00019ef6 g     F .recovery_ramtext	0000001c hal_watchdog_regs_init
00022d96 g     F .recovery_ramtext	00000046 uart_port_config_pinmux
70ba6bb4 g     F .text	0000002a dpu_reg_set_g0_ctrl_galpha
70ba5d0a g     F .text	00000028 dpu_hal_disp_set_cbm_priority
00022364 g     F .recovery_ramtext	000000d4 uapi_rtc_init
00023ef0 g     F .recovery_ramtext	0000000a clocks_bridging_low_powerp_config
00014c20 g     F .recovery_ramtext	0000000a osal_dsb
70ba8bc6 g     F .text	00000034 file_fsync
00025278 g     F .recovery_ramtext	0000001e hal_pmu_cldo_vset_ack_clr
0001d516 g     F .recovery_ramtext	00000008 lcd_get_ops_num
0002936a g     F .recovery_ramtext	0000000a ArchICacheEnable
70baab74 g     F .text	000000fe vfs_yaffs_open
00027f90 g     F .recovery_ramtext	00000064 OsSlabAllocatorNew
00020c6c g     F .recovery_ramtext	0000005e uapi_pin_set_mode
70baad54 g     F .text	00000022 vfs_yaffs_sync
20015c04 g     O .bss	00000004 g_usbMode
0002e992 g     F .recovery_ramtext	000000c6 wcrtomb
0002395c g     F .recovery_ramtext	0000000c flash_porting_wait_exit_xip_mode
70ba35a6 g     F .text	00000072 OsTaskCycleEndStart
0002558a g     F .recovery_ramtext	0000001c hal_pmu1_dig_pg_common_pwr_ack_get
20003f04 g     O .bss	00000004 g_hwiOps
70ba7838 g     F .text	0000002c dpu_reg_set_gfx_src_crop_src_crop_y
20002400 g       .stacks	00000000 __excp_stack_top__
00022d58 g     O .recovery_ramtext	0000000c g_efuse_region_write_address
00026166 g     F .recovery_ramtext	000000ec recovery_display_sample
70bac6d4 g     F .text	00000048 yaffs_get_temp_buffer
20003848 g     O .data	00000028 g_common_cmd_brightness
20003f00 g       .bss	00000000 __bss_begin__
00015130 g     F .recovery_ramtext	00000008 osal_dev_register
00025816 g     F .recovery_ramtext	00000020 hal_pmu_vdd0p8_vset_ack_clr
00022c42 g     F .recovery_ramtext	00000018 rsa_port_set_clk_en
70bac5f4 g     F .text	0000006e yaffs_do_endian_packed_tags2
70baa04e g     F .text	00000014 nxsem_wait
20015bd8 g     O .bss	00000001 g_pll_used
00027e2e g     F .recovery_ramtext	000000bc LOS_SemPend
000332c8 g     O .sysintcall.init	00000004 initFn_DoOsMemSystemInit
70baff38 g     F .text	0000004e yaffs_wr_chunk_tags_nand
00015356 g     F .recovery_ramtext	0000003e dpal_event_destroy
0001d558 g     O .recovery_ramtext	00000024 g_panel_st7367_360x480_60_config
000292d8 g     F .recovery_ramtext	00000014 LOS_TickCountGet
20015c08 g     O .bss	00000004 g_diskSpinlock
70ba51dc g     F .text	0000000a dpu_clock_set_chnl_clk
70ba42d0 g     F .text	00000070 dpu_layer_get_pos
00010214 g     F .recovery_ramtext	0000000e cpu_utils_set_system_status_by_cause
0001952e g     F .recovery_ramtext	00000014 hal_uart_regs_deinit
70ba952e g     F .text	000000cc inode_reserve
00024632 g     F .recovery_ramtext	0000001c hal_clocks_glb_sdio_soft_reset_control
70ba6c8c g     F .text	0000002e dpu_reg_set_g0_dlpos_disp_xlpos
70baeace g     F .text	00000048 yaffs_flush_file
70bac168 g     F .text	000000ba yaffs_checkpt_close
2000f3a8 g     O .bss	00000004 g_pmu_check_reg_bit
000155d2 g     F .recovery_ramtext	00000072 non_os_enter_critical
00028a5e g     F .recovery_ramtext	0000000a OsCurTaskNameGet
70ba7fd8 g     F .text	00000102 rmdir
70bb4b18 g     F .text	0000000e yaffs_opendir
00029768 g     F .recovery_ramtext	000000cc OsExcInfoDisplay
70ba336c g     F .text	000000ba OsCpupGuard
2000c4ac g     O .bss	00000004 g_mipi_tx_attr
0002fb7a g     F .recovery_ramtext	0000004c pthread_mutex_lock
0001a26c g     F .recovery_ramtext	00000022 hal_xip_is_enable
00011d38 g       *ABS*	00000000 __bss_size__
70baacca g     F .text	0000003e vfs_yaffs_write
70ba5ade g     F .text	00000028 dpu_hal_deinit
00025250 g     F .recovery_ramtext	00000028 hal_pmu_cldo_vset_ack_get
20015b5c g     O .bss	00000004 g_sdma_regs
70ba5b84 g     F .text	000000b8 dpu_hal_disp_set_timing
000311a2 g     F .recovery_ramtext	0000002e snprintf_s
20003aa0 g     O .data	00000061 g_aucIntPri
70bb028c g     F .text	00000280 yaffs_summary_read
00022204 g     F .recovery_ramtext	0000002c uapi_watchdog_kick
70bb01f2 g     F .text	00000028 yaffs_summary_deinit
70bb0896 g     F .text	00000006 yaffs_tags_compat_install
000144d4 g     F .recovery_ramtext	00000192 uapi_pm_control
000268f4 g     F .recovery_ramtext	0000000a OsHwiInit
000180ec g     F .recovery_ramtext	000000a2 hal_pmp_riscv70_regs_set_pmpxcfg
70ba9360 g     F .text	00000024 clear_fd
0001fb16 g     F .recovery_ramtext	0000008c nand_driver_init
70ba80da g     F .text	000000fa nx_vopen
000229f8 g     F .recovery_ramtext	00000012 idle_task_config
000254f2 g     F .recovery_ramtext	0000001c hal_pmu_intldo2_set_voltage
0002686e g     F .recovery_ramtext	0000002e LOS_HwiDelete
00020f48 g     F .recovery_ramtext	000001c0 drv_hash_update
00000000 g       *ABS*	00000000 __l2m_dsp_text_size
000247c6 g     F .recovery_ramtext	0000001c clocks_pll_veto_type_translation
0003183c  w    F .recovery_ramtext	00000026 app_init
00018446 g     F .recovery_ramtext	0000000a hal_sha_v2_regs_deinit
70bb4a70 g     F .text	00000038 yaffs_add_device
70ba6b0e g     F .text	0000002e dpu_reg_set_intf0_ulps_delay_ulps_lp_start_delay
00023ce8 g     F .recovery_ramtext	00000016 clock_system_cg_config_get
20011d30 g     O .bss	00000004 g_nandPartParam
70ba676a g     F .text	00000030 dpu_reg_set_dhd0_ctrl_intf_ihs
00024838 g     F .recovery_ramtext	00000022 clocks_src_sel_type_translation
0002caee g     F .recovery_ramtext	00000340 strstr
000332dc g     O .sysintcall.init	00000004 initFn_OsHwiInit
0002ce2e g     F .recovery_ramtext	00000170 clock_gettime
70bab680 g     F .text	0000000a yaffsfs_OSInitialisation
000286ba g     F .recovery_ramtext	000000a0 LOS_SwtmrCreate
00010cae g     F .recovery_ramtext	00000050 set_cpu_utils_system_boot_magic
70ba681e g     F .text	00000028 dpu_reg_set_dhd0_vsync1_vbb
00000000 g       *ABS*	00000000 __l2m_dsp_data_size
70ba3f06 g     F .text	00000088 dpu_layer_destroy
70ba382a g     F .text	0000008e uapi_dpu_destroy_layer
0006d000 g       *ABS*	00000000 g_ram_size
000296c0 g       .recovery_ramtext	00000000 TrapHandle
20003e44 g     O .data	00000004 g_osNmiHook
00025738 g     F .recovery_ramtext	0000005c hal_pmu_vdd_enable
00028206 g     F .recovery_ramtext	0000004c OsSlabMemFree
70baaa82 g     F .text	00000038 nand_yaffs_nand_block_markbad
70baa014 g     F .text	00000024 nxsem_init
00022ff8 g     F .recovery_ramtext	00000016 irq_dsp_addr_mon_handler
70ba54de g     F .text	0000002e dpu_isr_wait_te_signal
000332ec g     O .sysintcall.init	00000004 initFn_OsIdleTaskCreate
70bb2db8 g     F .text	00000044 yaffsfs_FindMountPoint
20010678 g     O .bss	00000038 g_uart1_rx_buffer
70ba3d86 g     F .text	0000000a dpu_ioctl_refresh_layers
00015644 g     F .recovery_ramtext	00000068 non_os_exit_critical
000299c0 g       .recovery_ramtext	00000000 TrapVector
00024f82 g     F .recovery_ramtext	00000024 hal_cmu_dbg_config_control
70bb0c20 g     F .text	00000020 yaffs2_update_oldest_dirty_seq
20003000 g       .stacks	00000000 __nmi_stack_top__
70ba9510 g     F .text	0000001e inode_free
70ba69a0 g     F .text	00000034 dpu_reg_set_dhd0_vtthd_vtmgthd2
00023f5e g     F .recovery_ramtext	00000016 hal_clocks_ccrg_module_ch_enable
70ba7c76 g     F .text	00000030 dpu_reg_set_gfx_htc_dcmp_is_a_bypass
00027d74 g     F .recovery_ramtext	0000004a OsSemInit
000176f2 g     F .recovery_ramtext	00000060 mipi_tx_reset
0002f70c g     F .recovery_ramtext	0000001e HalIrqHandler
000248ce g     F .recovery_ramtext	0000003e clocks_pll_add_vote
00015962 g     F .recovery_ramtext	00000014 hal_dma_regs_deinit
70ba6594 g     F .text	00000030 dpu_reg_set_voctrl_g0_ck_gt_en
000290c6 g     F .recovery_ramtext	0000007e LOS_TaskYield
00032cde g     F .recovery_ramtext	000000a0 __cmpdf2
000311d0 g     F .recovery_ramtext	00000030 sprintf_s
70ba3be8 g     F .text	00000022 dpu_ioctl_get_layer_alpha
00031862 g     F .recovery_ramtext	00000012 OsIdleTask
000188ae g     F .recovery_ramtext	00000016 hal_efuse_v100_regs_deinit
70bab0b6 g     F .text	00000122 vfs_yaffs_rename
00028290 g     F .recovery_ramtext	00000008 OsSortLinkInit
00023444 g     F .recovery_ramtext	00000042 dma_port_register_irq
70ba9228 g     F .text	0000008c files_allocate
0001cb48 g     F .recovery_ramtext	00000062 lcd_bus_register_api
70baad4a g     F .text	0000000a vfs_yaffs_ioctl
70ba7ace g     F .text	0000003a dpu_reg_set_gfx_ckey_max_key_g_max
200107d3 g     O .bss	0000001e g_pll_used_vote
20015c38 g       .dtcm_stack	00000000 __heap_start
70ba6dca g     F .text	00000030 dpu_reg_set_g1_csc_coef01
70ba3692 g     F .text	00000064 OsCpupIrqEnd
70ba64b2 g     F .text	00000030 dpu_crg_set_aon_ctrl_video_cken
0002bb46  w    F .recovery_ramtext	0000007e fopen64
00014d18 g     F .recovery_ramtext	0000000c osal_irq_free
000332c0 g       *ABS*	00000000 __initcall5_start
00026752 g     F .recovery_ramtext	0000000e OsIntEntry
00000000 g       *ABS*	00000000 __l2m_dsp_bss_size
00023938 g     F .recovery_ramtext	00000008 flash_porting_power_on
0002561a g     F .recovery_ramtext	0000001e hal_pmu1_dig_pg_l2m_dsp_pwr_ack_get
70ba8da6 g     F .text	00000026 close
70bab5be g     F .text	00000088 yaffsfs_LockDestroy
0001d0c6 g     F .recovery_ramtext	00000048 mipi_bus_resume
00025576 g     F .recovery_ramtext	00000014 hal_pmu1_dig_pg_common_pwr_en
70bab500 g     F .text	00000034 yaffsfs_Unlock
70baf3e6 g     F .text	00000026 yaffs_get_obj_link_count
00010aa8 g     F .recovery_ramtext	0000000e panic_init
000244fa g     F .recovery_ramtext	0000009c hal_clocks_module_dma_spi_cg_control
000332fc g     O .sysintcall.init	00000004 initFn_DoInitcalls
00027c60 g     F .recovery_ramtext	00000052 OsSchedWake
00014fa2 g     F .recovery_ramtext	0000000a osal_udelay
70ba7cd6 g     F .text	00000030 dpu_reg_set_gfx_htc_dcmp_cmp_mode
00017b18 g     F .recovery_ramtext	0000001a hal_pin_register_funcs
70ba63c2 g     F .text	0000002c dpu_crg_set_dpu_cfg_cken
70ba7d46 g     F .text	00000060 dpu_qspi_init
0002481a g     F .recovery_ramtext	0000001e clocks_pll_power_off
0002c076 g     F .recovery_ramtext	00000016 strchr
70ba4dce g     F .text	0000000e dpu_disp_get_info
70baa5a8 g     F .text	00000070 OsMtdPartitionInit
70bb0008 g     F .text	0000008c yaffs_pack_tags2_tags_only
70ba3d1a g     F .text	00000024 dpu_ioctl_get_layer_info
00026334 g     F .recovery_ramtext	00000012 LOS_BitmapClr
0002ba78  w    F .recovery_ramtext	000000ce fflush_unlocked
70ba36f6 g     F .text	00000010 OsDynloadInit
0001521e g     F .recovery_ramtext	0000004e dpal_mux_create
70bafc1e g     F .text	00000074 yaffs_oh_to_size
0002b748 g     F .recovery_ramtext	00000010 .hidden __lockfile
0002f3de g     F .recovery_ramtext	00000006 OsGetMainTask
00014c16 g     F .recovery_ramtext	0000000a osal_isb
70baf392 g     F .text	0000001e yaffs_get_equivalent_obj
000293f2 g       .recovery_ramtext	00000000 ArchTaskSchedule
70bab97e g     F .text	0000002c yaffs_check_chunk_bit
000153d0 g     F .recovery_ramtext	00000034 dpal_spin_lock_init
00022438 g     F .recovery_ramtext	00000086 uapi_rtc_adapter
70ba70f6 g     F .text	00000030 dpu_reg_set_g1_csc_max_y
000332c0 g       *ABS*	00000000 __initcall2_end
00026c86 g     F .recovery_ramtext	00000094 LOS_MemAllocAlign
0002f72a g     F .recovery_ramtext	00000078 HalIrqInit
00029366 g     F .recovery_ramtext	00000004 LOS_Udelay
0002444e g     F .recovery_ramtext	00000098 hal_clocks_module_auto_cg_control_private
70bb0b6a g     F .text	0000007c yaffs_calc_oldest_dirty_seq
60240000 g       .l2m_gpu_bss	00000000 __l2m_gpu_bss_end
00024fa6 g     F .recovery_ramtext	00000024 hal_cmu_manual_single_config
0002b7f8 g     F .recovery_ramtext	0000000a .hidden __stdio_seek64
00011ab8 g     F .recovery_ramtext	0000000a upg_set_temporary_result
0001187c g     F .recovery_ramtext	0000006a upg_get_pkg_image_header
00033308 g       *ABS*	00000000 __sysinitcall7_start
70ba6474 g     F .text	0000003e dpu_crg_set_vedio_mclk_div_ctl
70ba4cf6 g     F .text	00000066 dpu_layer_set_vblank
20010810 g     O .bss	0000003c g_clock_sw_pre_handler
70b8021c g       *ABS*	00000000 __ramtext_load__
70baf072 g     F .text	000000d6 yaffs_rename_obj
70bb2faa g     F .text	0000057a yaffs_open_sharing_reldir
70bb399a g     F .text	00000056 yaffs_close
0002b6c6 g     F .recovery_ramtext	0000007c .hidden __fmodeflags
70bae7b0 g     F .text	0000002a yaffs_wr_file
0001ef60 g     F .recovery_ramtext	00000024 cs_pulldown
0001cea0 g     F .recovery_ramtext	00000040 mipi_bus_refresh_area
2000fa40 g     O .bss	00000400 g_rsa_input_mem
70bab75a g     F .text	000000ae yaffs_alloc_raw_obj
00014788 g     F .recovery_ramtext	0000003e upg_get_progress_status_start_addr
0002ca8a g     F .recovery_ramtext	0000003e strncmp
70ba58e4 g     F .text	00000096 print_mipi_and_dpu_reg
70ba6564 g     F .text	00000030 dpu_reg_set_voctrl_intf_chk_sum_en
000332c0 g       *ABS*	00000000 __initcall1_start
70ba84f6 g     F .text	0000004a file_seek
20015b84 g     O .bss	00000004 g_hal_rsa_funcs
00023cc2 g     F .recovery_ramtext	00000012 clocks_system_all_clocks_get
70ba3d3e g     F .text	00000024 dpu_ioctl_set_layer_colorkey
0002b764  w    F .recovery_ramtext	00000002 .hidden __aio_close
00022d8c g     F .recovery_ramtext	0000000a uart_port_get_clock_value
2001084c g     O .bss	00000001 g_is_repeat_exc
70bb3990 g     F .text	0000000a yaffs_flush
70ba6a86 g     F .text	0000002e dpu_reg_set_intf0_ulps_ctrl_ulps_lp_mode_en
000242a4 g     F .recovery_ramtext	0000007e hal_clocks_ccrg_reg_get
00014fee g     F .recovery_ramtext	0000000a osal_get_jiffies
0002b40e g     F .recovery_ramtext	000000b2 LzmaDec_Allocate
000164c8 g     F .recovery_ramtext	0000000a hal_gpio_get_funcs
70ba355e g     F .text	00000020 OsCpupCBTaskCreate
70bae7da g     F .text	0000022a yaffs_resize_file_down
00014120 g     F .recovery_ramtext	0000000a get_exception_status
00010d34 g     F .recovery_ramtext	00000030 set_exception_time_stamp
70bb4390 g     F .text	00000012 yaffs_stat
000164d2 g     F .recovery_ramtext	0000000e gpio_context_get
0001a3aa  w    F .recovery_ramtext	0000001e hal_rtc_config_load
00025082 g     F .recovery_ramtext	0000002e hal_pmu2_cmu_pll_post_div_set
00140000 g       .extend_heap	00000000 g_extend_heap_size
70ba4490 g     F .text	0000006a dpu_layer_hide
70ba7370 g     F .text	0000003e dpu_reg_set_g1_cvfir_vcoef1_vccoef10
00020e5c g     F .recovery_ramtext	000000ec drv_hash_start
70ba5076 g     F .text	00000062 dpu_disp_update_dhd_region
200030f4 g     O .data	00000094 .hidden __stdin_FILE
0002bf62 g     F .recovery_ramtext	00000078 .hidden __stpcpy
0001fdcc g     F .recovery_ramtext	000000c0 os_nand_erase
00033024 g     F .recovery_ramtext	00000004 __fe_raise_inexact
70ba8a42 g     F .text	0000002c stat
0002f6ec g     F .recovery_ramtext	00000016 HalIrqGetHandleForm
70bacfc4 g     F .text	00000024 yaffs_find_or_create_by_number
00022102 g     F .recovery_ramtext	00000052 uapi_watchdog_init
00024356 g     F .recovery_ramtext	0000004e hal_clocks_glb_clken_config
70baac9a g     F .text	00000030 vfs_yaffs_read
0002594a g     F .recovery_ramtext	0000013e hal_pmu_mcpu_perip_reset
70ba6208 g     F .text	0000001a dpu_hal_layer_set_stride
000179b2 g     F .recovery_ramtext	0000000a mipi_tx_drv_set_partial_refresh
000111f0 g     F .recovery_ramtext	00000010 log_trigger
20003e74 g     O .data	00000004 g_watchdog_base_addr
000201be g     F .recovery_ramtext	00000046 os_nand_block_markbad
0001803e g     F .recovery_ramtext	0000009e hal_pmp_riscv70_regs_set_memxattr
00011c00 g     F .recovery_ramtext	000000e0 upg_set_complete_flag
0001f08a g     F .recovery_ramtext	00000082 program_execute
0001169e g     F .recovery_ramtext	000000f8 upg_read_fota_pkg_data
70baeb34 g     F .text	0000005a yaffs_del_obj
00017fb0 g     F .recovery_ramtext	0000007e hal_pmp_riscv70_regs_set_pmpaddr
70ba6442 g     F .text	00000032 dpu_crg_set_vedio_dpu_ppc_hd0_ckdiv
0001bfaa g     F .recovery_ramtext	00000038 flash_save_manufacturer
000257cc g     F .recovery_ramtext	00000020 hal_pmu_vdd0p8_vset_requset
0001b482 g     F .recovery_ramtext	00000300 uapi_flash_read_data
70ba7006 g     F .text	00000030 dpu_reg_set_g1_csc_odc0
70bab68a g     F .text	0000000a yaffsfs_OsDestroy
000150fa g     F .recovery_ramtext	00000036 osal_wait_destroy
0002cad4 g     F .recovery_ramtext	0000001a strnlen
2000c044 g     O .bss	00000014 g_excInfo
000268de g     F .recovery_ramtext	00000016 LOS_HwiSetPriority
70ba55ca g     F .text	0000007e dpu_dfx_print_info
70ba679a g     F .text	00000030 dpu_reg_set_dhd0_ctrl_intf_ivs
0002c154 g     F .recovery_ramtext	00000032 strerror
0002b92e g     F .recovery_ramtext	00000012 free
70ba5db6 g     F .text	00000082 dpu_hal_layer_set_disp_rect
70ba7066 g     F .text	00000030 dpu_reg_set_g1_csc_odc2
70ba74e4 g     F .text	00000030 dpu_reg_set_g1_hfircoef01_coef0
00011630 g     F .recovery_ramtext	0000006e uapi_upg_get_storage_size
20015b70 g     O .bss	00000004 g_hal_pmp_funcs
70ba754c g     F .text	00000030 dpu_reg_set_g1_hfircoef23_coef2
70ba747c g     F .text	00000030 dpu_reg_set_g1_hfir_ctrl_hfir_mode
200041d0 g     O .bss	00000008 g_tickCount
0001da08 g     O .recovery_ramtext	000000f0 g_edo_454x454_screen_init_on
0002887e g     F .recovery_ramtext	0000000a OsIdleHandler
0002349a g     F .recovery_ramtext	0000006e dma_port_set_handshaking_channel_status
0002485a g     F .recovery_ramtext	00000008 clocks_get_pll_frequency
0001043a g     F .recovery_ramtext	0000005a dfx_file_open_for_read
000256c4 g     F .recovery_ramtext	0000002e hal_pmu1_dsp_l2ram_config
70ba7a3e g     F .text	0000002c dpu_reg_set_gfx_dcmp_ctrl_ice_en
200041b0 g     O .bss	00000004 g_osIdleTaskStack
0001fd24 g     F .recovery_ramtext	000000a8 nand_register
000332c0 g       *ABS*	00000000 __sysinitcall_start
70baa618 g     F .text	00000034 OsDiskInit
0002b9ce  w    F .recovery_ramtext	00000002 .hidden __unlist_locked_file
00020754 g     F .recovery_ramtext	0000008a mc_flash_busy_wait
000332c0 g       *ABS*	00000000 __initcall0_start
0001e9b2 g     F .recovery_ramtext	00000046 nandflash_yaffs_sync
70baf506 g     F .text	00000106 yaffs_guts_cleanup
00024974 g     F .recovery_ramtext	000000d2 system_ccrg_clock_config
00017f58 g     F .recovery_ramtext	0000000a hal_pmp_riscv70_funcs_get
000269aa g     F .recovery_ramtext	00000002 OsMemAlloc
00015ba0 g     F .recovery_ramtext	00000010 hal_sdma_irq_handler
00011cee g     F .recovery_ramtext	000000dc uapi_upg_init
70bb2642 g     F .text	00000132 yaffs_nand_install_drv
0002b742  w    F .recovery_ramtext	00000002 .hidden __lctrans_impl
00029ac8 g     F .recovery_ramtext	00000428 LzmaDec_DecodeToDic
70ba61d4 g     F .text	0000001a dpu_hal_layer_set_width
70ba5cb6 g     F .text	00000014 dpu_hal_disp_set_chnl_enable
00033028 g     F .recovery_ramtext	000000e8 __lshrti3
70baa07e g     F .text	000004e8 add_mtd_partition
00018314 g     F .recovery_ramtext	0000001a hal_sha_register_funcs
00025040 g     F .recovery_ramtext	00000012 hal_pmu2_cmu_pll_frac_manual_set
70baefc8 g     F .text	000000aa yaffs_find_by_name
00028888 g     F .recovery_ramtext	00000012 OsTaskAdd2TimerList
00029052 g     F .recovery_ramtext	00000074 LOS_TaskDelay
200039f4 g     O .data	00000014 g_gpio_base_addrs
70ba761c g     F .text	00000030 dpu_reg_set_g1_hfircoef67_coef6
000292ec g     F .recovery_ramtext	0000001c LOS_GetCpuCycle
2000e53c g     O .bss	00000004 g_hal_funcs
00011f16 g     F .recovery_ramtext	000000c2 uapi_upg_verify_file_head
0002051a g     F .recovery_ramtext	00000012 is_trans_busy
00014fac g     F .recovery_ramtext	00000042 osal_gettimeofday
0001aad0 g     F .recovery_ramtext	00000020 uapi_dma_start_transfer
000257b0 g     F .recovery_ramtext	0000001c hal_pmu_bcore_vdd0p8_set_nor_voltage
20011d34 g     O .bss	00000004 g_spinorPartParam
000101c0 g       .recovery_ramtext	00000000 __ramtext_begin__
0002bec0 g     F .recovery_ramtext	0000001c .hidden __ofl_add
70ba357e g     F .text	0000000e OsCpupCBTaskDelete
0002fb38 g     F .recovery_ramtext	00000042 frexpl
0002502e g     F .recovery_ramtext	00000012 hal_pmu2_cmu_pll_fbdiv_manual_get
70bb4c0c g     F .text	00000024 yaffs_rewinddir
000152a0 g     F .recovery_ramtext	00000048 dpal_mux_pend
200041c0 g     O .bss	00000008 g_losFreeTask
20003e30 g     O .data	00000004 .hidden __stderr_used
00022e20 g     F .recovery_ramtext	0000000c irq_uart1_handler
00025874 g     F .recovery_ramtext	0000001c hal_pmu_vdd1p3_set_voltage
70ba653e g     F .text	00000026 dpu_reg_set_voctrl_vo_ck_gt_en
000146ec g     F .recovery_ramtext	0000000c upg_get_pkg_file_path
00021328 g     F .recovery_ramtext	0000003a uapi_drv_cipher_hash_update
20015b9c g     O .bss	00000004 g_hal_tcxo_funcs
000117a0 g     F .recovery_ramtext	00000064 upg_get_package_header
00011ba0 g     F .recovery_ramtext	00000060 upg_check_image_update_complete
000207de g     F .recovery_ramtext	000000d8 mc_flash_read_page
0002eac6 g     F .recovery_ramtext	00000022 osKernelGetState
0001531c g     F .recovery_ramtext	0000000a dpal_irq_lock
00024946 g     F .recovery_ramtext	00000014 clock_switch_pre_handler_register
70bb0d86 g     F .text	0000002e yaffs2_do_endian_tnode_copy
70ba90e8 g     F .text	00000036 inode_release
000119d6 g     F .recovery_ramtext	000000e2 upg_set_firmware_update_status
70b8021c g       *ABS*	00000000 __l2m_dsp_data_load
70ba6bde g     F .text	00000028 dpu_reg_set_g0_upd_regup
000318b2 g     F .recovery_ramtext	000002ea __adddf3
70ba6676 g     F .text	00000028 dpu_reg_set_cbm_mix_mixer_prio0
70bb18b8 g     F .text	000009b8 yaffs2_scan_backwards
70ba7ebc g     F .text	0000011c unlink
00032050 g     F .recovery_ramtext	0000029a __divdi3
20001800 g       .stacks	00000000 __irq_stack_top__
0001a3ee g     F .recovery_ramtext	00000034 hal_rtc_v100_irq_handler
00018946 g     F .recovery_ramtext	0000000e hal_spi_v100_funcs_get
00031fe2 g     F .recovery_ramtext	0000006e __umoddi3
70bab694 g     F .text	000000a6 yaffs_alloc_raw_tnode
00013ec6 g     F .recovery_ramtext	0000000a uapi_upg_diff_image_update
70ba4e64 g     F .text	00000064 dpu_disp_close
70ba9384 g     F .text	000000ce inode_search
00014bf6 g     F .recovery_ramtext	00000014 osal_vfree
0001d6c0 g     O .recovery_ramtext	00000028 g_common_cmd_idle_out
70ba67f6 g     F .text	00000028 dpu_reg_set_dhd0_ctrl_regup
60100000 g       .l2m_dsp_text	00000000 __l2m_dsp_text_start
00022d78 g     F .recovery_ramtext	00000014 uart_port_register_hal_funcs
20003014 g     O .data	0000000c __sglue
20015b60 g     O .bss	00000004 g_hal_gpios_funcs
20002400 g       .stacks	00000000 __exc_stack_top
70ba5ca4 g     F .text	00000012 dpu_hal_disp_set_chnl_regup
70ba5182 g     F .text	00000044 dpu_disp_set_timing_and_screen_region
00015714 g     F .recovery_ramtext	0000000e non_os_get_nmi_mask_status
2000f3d4 g     O .bss	0000001c g_hal_spis_funcs
70bb2ef0 g     F .text	00000086 yaffs_dup
0001cdca g     F .recovery_ramtext	0000002c mipi_bus_lp_ctrl
00028a38 g     F .recovery_ramtext	00000012 LOS_TaskCreateStatic
70bb3d76 g     F .text	000000bc yaffs_lseek
70bb262e g     F .text	00000014 yaffs_nand_drv_checkptset
0002052c g     F .recovery_ramtext	00000012 is_fifo_full
00029144 g     F .recovery_ramtext	00000012 LOS_TaskLock
70ba6c60 g     F .text	0000002c dpu_reg_set_g0_dlpos_disp_ylpos
00000000 g       *ABS*	00000000 __l2m_gpu_data_size
000247ee g     F .recovery_ramtext	0000002c clocks_pll_power_on
00023514 g     F .recovery_ramtext	00000066 dma_port_set_mux_channel
2000cdb0 g     O .bss	00000880 nand_write_buf
70ba7126 g     F .text	00000030 dpu_reg_set_g1_csc_max_c
20004014 g     O .bss	00000004 m_aucSysMem0
0001aaf0 g     F .recovery_ramtext	00000102 uapi_dma_configure_peripheral_transfer_single
70bb4902 g     F .text	00000010 yaffs_unmount
20015c38 g       .bss	00000000 __bss_end__
0002ba78 g     F .recovery_ramtext	000000ce fflush
00029396 g     F .recovery_ramtext	00000020 ArchDCachePrefetchEnable
0001a348  w    F .recovery_ramtext	0000002a hal_rtc_init
000251a2 g     F .recovery_ramtext	0000006e hal_pmu_cldo3_enable
00014d8e g     F .recovery_ramtext	0000003c osal_mutex_init
70ba3a98 g     F .text	00000008 dpu_close
52006000 g     O .cputrace_mem	00001ff8 cpu_trace_arry
0002b778 g     F .recovery_ramtext	00000076 .hidden __stdio_read
70bb3bce g     F .text	000001a8 yaffs_write
70ba8f62 g     F .text	00000068 file_seek64
00031cba g     F .recovery_ramtext	00000050 __fixdfsi
000105e6 g     F .recovery_ramtext	00000060 dfx_file_read_fd
20010640 g     O .bss	00000038 g_uart0_rx_buffer
0001fba2 g     F .recovery_ramtext	0000003e nand_driver_sem_init
70ba5a5c g     F .text	00000082 hal_disp_init
70bb07a2 g     F .text	0000006a yaffs_summary_fetch
70ba77b0 g     F .text	0000002e dpu_reg_set_gfx_src_info_ifmt
00032d7e g     F .recovery_ramtext	00000060 __eqdf2
00017b32 g     F .recovery_ramtext	0000000a hal_pin_get_funcs
6c000000 g       .psram_text	00000000 __psram_text_end
0001d684 g     O .recovery_ramtext	0000003c g_common_cmd_sleep_out
70bad242 g     F .text	00000018 yaffs_create_file
70ba7a6a g     F .text	0000002c dpu_reg_set_gfx_debug_ctrl_checksum_en
0001a310 g     F .recovery_ramtext	00000038 hal_rtc_regs_init
000196da g     F .recovery_ramtext	0000000e hal_uart_v120_funcs_get
00013050 g     F .recovery_ramtext	00000122 fota_pkg_task_apply_code_diff
00026252 g     F .recovery_ramtext	00000052 recovery_display_init
00022d40 g     O .recovery_ramtext	0000000c g_efuse_base_addr
0001cc60 g     F .recovery_ramtext	0000000e mipi_bus_deinit
00025f04 g     F .recovery_ramtext	0000002c app_os_init
70ba8674 g     F .text	00000110 statfs
70baf40c g     F .text	000000fa yaffs_guts_ll_init
000332e8 g     O .sysintcall.init	00000004 initFn_OsSwtmrInit
000332c0 g       *ABS*	00000000 __initcall5_end
0001cdf6 g     F .recovery_ramtext	000000aa mipi_bus_get_panel_timing
20003ec0 g       .data	00000000 __data_end__
000155b6 g     F .recovery_ramtext	0000000e get_driver_base_mutex
00023b6c g     F .recovery_ramtext	00000024 int_clear_pending_irq
70bb47a4 g     F .text	00000094 yaffs_unmount2_common
0002202e g     F .recovery_ramtext	00000034 uapi_tcxo_get_count
20003d24 g     O .data	00000104 g_workingdirectory
70bb458e g     F .text	0000000e yaffs_rmdir
70ba3618 g     F .text	0000007a OsCpupIrqStart
000150e6 g     F .recovery_ramtext	00000014 osal_wait_wakeup
0002f918 g     F .recovery_ramtext	00000004 msleep
00027b4c g     F .recovery_ramtext	00000056 OsSchedResched
0002bfda g     F .recovery_ramtext	0000009c .hidden __stpncpy
00028f8e g     F .recovery_ramtext	000000ac LOS_TaskResume
000332c4 g       *ABS*	00000000 __sysinitcall2_start
00027eea g     F .recovery_ramtext	000000a6 LOS_SemPost
70ba7338 g     F .text	00000038 dpu_reg_set_g1_cvfir_vcoef1_vccoef03
0001e288 g     F .recovery_ramtext	0000014e uapi_lcd_init
70ba5e68 g     F .text	0000001a dpu_hal_layer_set_palpha_en
70baff86 g     F .text	0000002a yaffs_mark_bad
00015326 g     F .recovery_ramtext	0000000a dpal_irq_restore
2000cd70 g     O .bss	00000040 nandflash_freertos_info
000273e2 g     F .recovery_ramtext	00000028 OsDLnkMultiHead
0002ee7c g     F .recovery_ramtext	000003f4 memcpy
000230a6 g     F .recovery_ramtext	00000014 watchdog_turnoff_clk
0002370c g     F .recovery_ramtext	00000006 dma_port_add_sleep_veto
70ba798c g     F .text	00000022 dpu_reg_set_gfx_dcmp_addr_l_dcmp_addr_l
00025012 g     F .recovery_ramtext	0000001c hal_pmu2_cmu_pll_fbdiv_manual_set
70ba91b4 g     F .text	0000000e sched_getfiles
00027a44 g     F .recovery_ramtext	000000b8 OsGetTopTask
70ba3ba6 g     F .text	00000020 dpu_ioctl_destroy_layer
0001f87e g     F .recovery_ramtext	00000098 dma_send_data
0002228e g     F .recovery_ramtext	0000003e add_mtd_list
000194d6 g     F .recovery_ramtext	0000000a hal_tcxo_v150_regs_deinit
0001fe9c g     F .recovery_ramtext	0000011c os_nand_read_oob
00023950 g     F .recovery_ramtext	0000000c flash_porting_spi_unlock
70baa6ac g     F .text	000000be IsBlockStatusReady
00026ec2 g     F .recovery_ramtext	0000005c LOS_MemFree
70bb3f76 g     F .text	0000020c yaffs_rename_reldir
00015938 g     F .recovery_ramtext	0000002a hal_dma_regs_init
70bab2c8 g     F .text	00000084 vfs_yaffs_statfs
0002490c g     F .recovery_ramtext	0000003a clocks_pll_remove_vote
70ba8d1e g     F .text	00000008 fs_initialize
0001e6b8 g     F .recovery_ramtext	0000006e uapi_mipi_tx_get_cmd
00028814 g     F .recovery_ramtext	0000006a LOS_TaskResRecycle
00031ea8 g     F .recovery_ramtext	0000004c frexp
00017f34 g     F .recovery_ramtext	0000001a hal_pmp_register_funcs
00021fee g     F .recovery_ramtext	00000040 uapi_tcxo_init
0001e768 g     F .recovery_ramtext	00000022 uapi_mipi_tx_disable
00025890 g     F .recovery_ramtext	000000ba hal_pmu_mcpu_perip_get_status
00024616 g     F .recovery_ramtext	0000001c hal_clocks_glb_display_soft_reset_control
00028b04 g     F .recovery_ramtext	00000230 LOS_TaskDelete
000121a2 g     F .recovery_ramtext	0000022c uapi_upg_verify_file_image
00021f14 g     F .recovery_ramtext	00000032 uapi_systick_init
0001b2ae g     F .recovery_ramtext	000001d4 uapi_flash_write_data_without_align
000266aa g     F .recovery_ramtext	00000002 LOS_BackTrace
70ba8d7e g     F .text	00000028 fs_getfilep
00022fb2 g     F .recovery_ramtext	0000000e watchdog_port_register_hal_funcs
70bb5208 g     O .text	00000010 g_yaffs_operations
0001a058 g     F .recovery_ramtext	00000008 hal_xip_init
00022a86 g     F .recovery_ramtext	00000012 HalClockInit
0001d51e g     F .recovery_ramtext	0000000c lcd_get_bus_escape_config
70ba55bc g     F .text	0000000e dpu_dfx_get_info
70bab808 g     F .text	00000026 yaffs_free_raw_obj
0001dea4 g     O .recovery_ramtext	000000dc g_edo_466x466_screen_init_on
00017b3c g     F .recovery_ramtext	0000000e hal_pin_brandy_funcs_get
00023940 g     F .recovery_ramtext	00000006 flash_porting_spi_lock_create
0001a302 g     F .recovery_ramtext	0000000e hal_xip_v150_regs_init
20003eb8 g     O .data	00000008 yaffsfs_deviceList
0001e7ce g     F .recovery_ramtext	0000003a mmc_set_sd_bus_clk_div
00023a40 g     F .recovery_ramtext	0000000a rtc_porting_comm_addr_get
0002f6e2 g     F .recovery_ramtext	0000000a HalIrqVersion
0001102c g     F .recovery_ramtext	0000000c log_exception_dump
00022344 g     O .recovery_ramtext	00000020 g_dev_spinor_ops
00020600 g     F .recovery_ramtext	00000032 qspi_busy_wait
2000401c g     O .bss	00000004 g_osAllMux
0002f54a g     F .recovery_ramtext	00000046 OsMain
70ba3bc6 g     F .text	00000022 dpu_ioctl_set_layer_alpha
000293d4 g       .recovery_ramtext	00000000 ArchIntLock
00026324 g     F .recovery_ramtext	00000010 LOS_BitmapSet
200041ac g     O .bss	00000004 g_taskMaxNum
0001dfb0 g     O .recovery_ramtext	00000008 g_st7367_360x480_screen_init_on_cmds
00028184 g     F .recovery_ramtext	00000082 OsSlabMemAlloc
70bab8f4 g     F .text	00000026 yaffs_clear_chunk_bits
70ba6b8a g     F .text	0000002a dpu_reg_set_g0_ctrl_surface_en
00027456 g     F .recovery_ramtext	0000004a LOS_MuxCreate
20003e80 g     O .data	00000004 g_dma_base_addr
000266ac  w    F .recovery_ramtext	0000000e __stack_chk_fail
00022184 g     F .recovery_ramtext	00000042 uapi_watchdog_enable
00027746 g     F .recovery_ramtext	000000ae LOS_MuxPost
00026c1c g     F .recovery_ramtext	0000006a LOS_MemAlloc
00022f8c g     F .recovery_ramtext	0000000e tcxo_porting_base_addr_get
00023946 g     F .recovery_ramtext	0000000a flash_porting_spi_lock
00017868 g     F .recovery_ramtext	000000b8 mipi_tx_drv_enable_input
000125bc g     F .recovery_ramtext	0000010e upg_lzma_decode
0002928a g     F .recovery_ramtext	0000002a OsTickHandler
0001195a g     F .recovery_ramtext	0000007c upg_read_old_image_data
70bb00b4 g     F .text	000000b8 yaffs_unpack_tags2_tags_only
70bab1d8 g     F .text	000000f0 vfs_yaffs_stat
70bab91a g     F .text	00000034 yaffs_clear_chunk_bit
00012870 g     F .recovery_ramtext	00000768 process_patch
70ba6a5e g     F .text	00000028 dpu_reg_set_dhd0_tde_frm_rdy_dhd0_tde_frm_rdy
0002b758 g     F .recovery_ramtext	0000000c .hidden __unlockfile
70ba41c6 g     F .text	0000006a dpu_layer_get_alpha
0002fbc6 g     F .recovery_ramtext	000000c0 pthread_mutex_unlock
0002875a g     F .recovery_ramtext	000000b0 LOS_SwtmrStart
00010c80 g     F .recovery_ramtext	00000020 panic
000230e2 g     F .recovery_ramtext	00000022 get_pio_func_config
70ba3d62 g     F .text	00000024 dpu_ioctl_get_layer_colorkey
70ba3f8e g     F .text	00000030 dpu_layer_resume
0002903a g     F .recovery_ramtext	00000018 LOS_TaskCreate
70bb4bf2 g     F .text	0000001a yaffs_readdir
60100000 g       .l2m_dsp_data	00000000 __l2m_dsp_data_end
0001c062 g     F .recovery_ramtext	00000030 uapi_flash_get_info
0002381a g     F .recovery_ramtext	00000036 spi_porting_set_device_mode
00022aee g     F .recovery_ramtext	0000002c HalClockGetCycles
00026b0a g     F .recovery_ramtext	00000004 LOS_MemInit
70ba7892 g     F .text	0000002c dpu_reg_set_gfx_ireso_ireso_h
0001cc6e g     F .recovery_ramtext	0000000a mipi_bus_enable
0001fcec g     F .recovery_ramtext	0000001c nand_lock
0001aa1e g     F .recovery_ramtext	00000040 OsDriverBaseInit
70bade66 g     F .text	0000002a yaffs_oh_size_load
70bab48e g     F .text	0000000a yaffs_end
0001a3aa g     F .recovery_ramtext	0000001e hal_rtc_v100_config_load
0002f8ae g     F .recovery_ramtext	0000006a BlockOnPendList
70bac9ac g     F .text	00000062 yaffs_find_tnode_0
70ba8e50 g     F .text	0000000a lstat
00022a98 g     F .recovery_ramtext	00000056 HalDelayUs
00027310 g     F .recovery_ramtext	0000005e OsDumpMemByte
00014d76 g     F .recovery_ramtext	00000018 osal_irq_clear
70ba34c4 g     F .text	0000009a OsCpupInit
0001cc78 g     F .recovery_ramtext	0000000a mipi_bus_disable
00026346 g     F .recovery_ramtext	0000005c LOS_HighBitGet
00022fc6 g     F .recovery_ramtext	00000032 irq_chip_wdt_dsp_handler
70ba780a g     F .text	0000002e dpu_reg_set_gfx_src_reso_src_w
00021e5c g     F .recovery_ramtext	00000042 uapi_spi_master_writeread
20011d48 g     O .bss	000005f0 g_sysDisk
70ba911e g     F .text	0000003c inode_initialize
00024aa4 g     F .recovery_ramtext	0000002c uart_get_clock_value
20012338 g     O .bss	00000004 yaffs_mtd
000293ca g       .recovery_ramtext	00000000 OsDisableIRQ
70ba8b1c g     F .text	000000aa writev
00014704 g     F .recovery_ramtext	0000000e upg_get_pkg_file_dir
0003175c g     F .recovery_ramtext	0000003a vsprintf_s
00021fa6 g     F .recovery_ramtext	00000022 uapi_systick_get_ms
0002464e g     F .recovery_ramtext	0000001a hal_clocks_emmc_host_clken
2000415c g     O .bss	00000004 g_osAllQueue
00021fc8 g     F .recovery_ramtext	00000026 uapi_systick_get_us
000155a2 g     F .recovery_ramtext	0000000a get_device_list
00012556 g     F .recovery_ramtext	00000066 upg_lzma_deinit
00032cde g     F .recovery_ramtext	000000a0 __ltdf2
0002bc2a g     F .recovery_ramtext	0000003c .hidden __fseeko
0002c08c g     F .recovery_ramtext	0000009c .hidden __strchrnul
00031f46 g     F .recovery_ramtext	0000009c __udivdi3
0002513a g     F .recovery_ramtext	00000068 hal_pmu_cldo2_enable
70baefbc g     F .text	0000000c yaffs_unlinker
00020bee g     F .recovery_ramtext	0000000a set_trans_type
70ba46ae g     F .text	00000078 dpu_layer_get_info
00026928 g     F .recovery_ramtext	0000002c OsIsSetCallerRa
70ba7264 g     F .text	0000002e dpu_reg_set_g1_cvfir_vsp_vratio
20015ba0 g     O .bss	00000004 g_tcxo_regs
00022230 g     F .recovery_ramtext	00000032 get_mtd
70baafbc g     F .text	000000fa vfs_yaffs_unlink
70baccec g     F .text	0000012c yaffs_chunk_del
00027a30 g     F .recovery_ramtext	00000014 OsPriQueueIsEmpty
000141a2 g     F .recovery_ramtext	0000000c do_fault_handler
00027cd6 g     F .recovery_ramtext	0000009e OsSchedSuspend
0001146e g     F .recovery_ramtext	0000001c upg_malloc
20015aec g     O .bss	00000004 g_newTask
0002068e g     F .recovery_ramtext	0000005c mc_flash_read_sr
70ba8d26 g     F .text	00000058 readv
00026aee g     F .recovery_ramtext	0000001c OsMemSystemInit
70bab36c g     F .text	00000010 nand_erase_block
00032dde g     F .recovery_ramtext	0000009c __gedf2
000289ca g     F .recovery_ramtext	0000006e OsIdleTaskCreate
70ba6eea g     F .text	00000030 dpu_reg_set_g1_csc_coef21
20004d1c g     O .bss	00000008 g_driverList
20015b6c g     O .bss	00000004 g_hal_pins_funcs
000332f4 g       *ABS*	00000000 __sysinitcall5_start
70bb4b26 g     F .text	00000094 yaffsfs_readdir_no_lock
70ba9984 g     F .text	00000088 closedir
87000000 g       .ipc_share_mem	00000000 __ipc_share_mem_start__
70ba6fa6 g     F .text	00000030 dpu_reg_set_g1_csc_idc1
00020bf8 g     F .recovery_ramtext	0000000a get_trans_type
000255ee g     F .recovery_ramtext	00000016 hal_pmu1_dig_pg_l2m_dsp_pwr_en
70ba4ddc g     F .text	0000000a dpu_disp_get_srceen_width
0001148a g     F .recovery_ramtext	00000038 upg_free
00029744 g       .recovery_ramtext	00000000 NmiEntry
00020db4 g     F .recovery_ramtext	000000a8 uapi_pmp_config
0001d6e8 g     O .recovery_ramtext	00000028 g_common_cmd_te_on
70baffe4 g     F .text	00000012 yaffs_init_nand
0001df90 g     O .recovery_ramtext	00000008 g_idle_out_cmds
00020598 g     F .recovery_ramtext	0000005a qspi_read_width_32
0001846a g     F .recovery_ramtext	0000000a hal_rsa_unregister_funcs
0002053e g     F .recovery_ramtext	0000005a qspi_read_width_8
70ba722c g     F .text	00000038 dpu_reg_set_g1_cvfir_vsp_cvfir_en
0002ea58 g     F .recovery_ramtext	0000000a wctomb
00014e52 g     F .recovery_ramtext	0000003e osal_sem_down_timeout
00015048 g     F .recovery_ramtext	0000009e osal_wait_timeout_interruptible
0002f47a g     F .recovery_ramtext	0000003c OsStart
70ba65f4 g     F .text	00000008 dpu_reg_set_vomskintsta
00024ef6 g     F .recovery_ramtext	0000001c pmu_bcore_vdd0p8_power_vset
00014712 g     F .recovery_ramtext	00000038 upg_img_in_set
00027ff4 g     F .recovery_ramtext	000000a6 OsSlabAllocatorAlloc
70ba51f0 g     F .text	0000010e dpu_isr_init
70bab4be g     F .text	0000000c yaffsfs_CheckMemRegion
70ba6628 g     F .text	0000001e dpu_reg_set_vointmsk_disable
70ba75b4 g     F .text	00000030 dpu_reg_set_g1_hfircoef45_coef4
0001a060 g     F .recovery_ramtext	000001aa hal_xip_enable
20015b18 g     O .bss	00000001 test_overturn
0002b20e g     F .recovery_ramtext	000000c4 LzmaDec_DecodeToBuf
70bad31c g     F .text	0000001a yaffs_create_dir
00023436 g     F .recovery_ramtext	0000000e dma_port_register_hal_funcs
000273cc g     F .recovery_ramtext	00000016 OsDLnkInitMultiHead
70baa828 g     F .text	000000d4 nf_write_page
00025858 g     F .recovery_ramtext	0000001c hal_pmu_vdd1p0_set_voltage
20003ea4 g     O .data	00000004 g_dfx_debug_level
0001cfcc g     F .recovery_ramtext	00000048 mipi_bus_update_panel
20011d3c g     O .bss	00000004 g_nandPartitionHead
000332f8 g     O .sysintcall.init	00000004 initFn_OsWorkqueueInit
0002bf62  w    F .recovery_ramtext	00000078 stpcpy
70ba7718 g     F .text	00000030 dpu_reg_set_gfx_out_ctrl_palpha_en
00014d3c g     F .recovery_ramtext	0000000e osal_irq_disable
70ba8226 g     F .text	000002d0 vfs_normalize_path
2000f3b8 g     O .bss	0000001c g_hal_spis_regs
70ba59f2 g     F .text	00000028 dpu_hal_init
000255d0 g     F .recovery_ramtext	0000001e hal_pmu1_dig_pg_l2m_gmmu_pwr_ack_get
70ba3cc6 g     F .text	00000022 dpu_ioctl_hide_layer
00018474 g     F .recovery_ramtext	0000000a hal_rsa_get_funcs
000102ec g     F .recovery_ramtext	0000000a reboot_get_security_reboot_reason
00016694 g     F .recovery_ramtext	0000000e hal_gpio_v100_funcs_get
0001f426 g     F .recovery_ramtext	000000a6 program_load_by_dma_width_32_quad
00024ce0 g     F .recovery_ramtext	00000062 pmu_ldo_power_vset
00022154 g     F .recovery_ramtext	00000030 uapi_watchdog_disable
20004180 g     O .bss	00000004 g_osSwtmrTaskStack
000146c6 g     F .recovery_ramtext	00000012 partition_get_path_map
20003e68 g     O .data	00000004 g_sha_base_addr
70ba689a g     F .text	00000028 dpu_reg_set_dhd0_hsync1_hbb
0001aa6c g     F .recovery_ramtext	0000000a cpu_trace_get_locked_regs
0002f270 g     F .recovery_ramtext	00000000 memset
70ba744c g     F .text	00000030 dpu_reg_set_g1_hfir_ctrl_ck_gt_en
200106b0 g     O .bss	00000100 g_region_attr
00010494 g     F .recovery_ramtext	00000066 dfx_file_open_for_write
60100000 g       .l2m_dsp_bss	00000000 __l2m_dsp_bss_end
00023428 g     F .recovery_ramtext	0000000e pmp_port_register_hal_funcs
00019f1c g     F .recovery_ramtext	0000000e hal_watchdog_v100_funcs_get
00022c8a g     F .recovery_ramtext	0000000a hal_efuse_get_byte_offset
2000419c g     O .bss	00000004 g_idleHandlerHook
00026760 g     F .recovery_ramtext	000000d0 LOS_HwiCreate
000332f0 g     O .sysintcall.init	00000004 initFn_OsDynloadInit
00014bde g     F .recovery_ramtext	00000018 osal_vmalloc
000105ac g     F .recovery_ramtext	0000003a dfx_file_close
70ba6d6e g     F .text	0000002c dpu_reg_set_g1_csc_ctrl_csc_en
0001818e g     F .recovery_ramtext	0000003e hal_reboot_chip
70ba3b92 g     F .text	00000014 dpu_ioctl_create_layer
70ba5d82 g     F .text	0000001a dpu_hal_layer_set_global_alpha
00029156 g     F .recovery_ramtext	000000be LOS_TaskInfoGet
70ba5456 g     F .text	00000030 dpu_isr_deinit
70ba78ec g     F .text	00000022 dpu_reg_set_gfx_addr_l_gfx_addr_l
70ba5c90 g     F .text	00000014 dpu_hal_disp_set_start_pos
0002ba50  w    F .recovery_ramtext	00000028 ferror_unlocked
000255ba g     F .recovery_ramtext	00000016 hal_pmu1_dig_pg_l2m_gmmu_ret1_en
000293ec g       .recovery_ramtext	00000000 ArchIntRestore
00022e8e g     F .recovery_ramtext	00000076 print_str
70baeb16 g     F .text	0000001e yaffs_is_non_empty_dir
70bb459c g     F .text	0000009e yaffs_mount_common
000228d6 g     F .recovery_ramtext	00000010 uapi_efuse_init
70ba946c g     F .text	00000070 inode_unlink
00022a28 g     F .recovery_ramtext	00000016 HalTickEntry
0002bea0 g     F .recovery_ramtext	00000014 .hidden __ofl_lock
00026412 g     F .recovery_ramtext	00000078 LOS_EventRead
70ba6b62 g     F .text	00000028 dpu_reg_set_sram_ctrl_block_en
00032eb6 g     F .recovery_ramtext	0000016a __extenddftf2
20004058 g     O .bss	00000100 g_priQueueList
70ba9f92 g     F .text	00000082 register_driver
20015bfc g     O .bss	00000004 g_workdir_lock
00015976 g     F .recovery_ramtext	0000000e hal_dma_irq_handler
0001e78a g     F .recovery_ramtext	00000022 uapi_mipi_tx_auto_enter_sdlp
70bb25e2 g     F .text	00000014 yaffs_hweight8
70ba4230 g     F .text	000000a0 dpu_layer_set_pos
70bac71c g     F .text	0000003e yaffs_release_temp_buffer
00016498 g     F .recovery_ramtext	00000016 hal_gpio_regs_deinit
70ba66e4 g     F .text	0000002c dpu_reg_set_link_ctrl_mem_link
000332cc g     O .sysintcall.init	00000004 initFn_OsTaskInit
000236a2 g     F .recovery_ramtext	00000028 dma_port_set_channel_handshaking_source
70ba7c0e g     F .text	0000003a dpu_reg_set_gfx_ckey_mask_key_g_msk
0001d648 g     O .recovery_ramtext	0000003c g_common_cmd_sleep_in
70ba38b8 g     F .text	000000d6 uapi_dpu_set_layer_info
00010ab6 g     F .recovery_ramtext	00000134 panic_deal
70ba61ee g     F .text	0000001a dpu_hal_layer_set_height
00020cca g     F .recovery_ramtext	0000004e uapi_pin_set_ds
0001842a g     F .recovery_ramtext	0000001c hal_sha_v2_regs_init
00023712 g     F .recovery_ramtext	00000006 dma_port_remove_sleep_veto
70bad1fe g     F .text	00000044 yaffs_clone_str
70baed84 g     F .text	000000d8 yaffs_retype_obj
70ba9a0c g     F .text	000003ce mount
000332c0 g       *ABS*	00000000 __initcall2_start
000225b8 g     F .recovery_ramtext	0000008c uapi_rtc_create
70ba634c g     F .text	00000006 dpu_hal_crg_set_chnl_clk
00022f04 g     F .recovery_ramtext	00000034 uart_porting_lock
000179bc g     F .recovery_ramtext	00000094 mipi_tx_hal_exit_sdlp
0002fa60 g     F .recovery_ramtext	0000003c OsWorkqueueInit
00022644 g     F .recovery_ramtext	0000010e uapi_rtc_start
0001f008 g     F .recovery_ramtext	00000082 read_cell_array
20003a08 g     O .data	00000014 irq_num
70bb4794 g     F .text	00000010 yaffs_sync
20004168 g     O .bss	00000004 g_osAllSem
70ba7748 g     F .text	0000003a dpu_reg_set_gfx_1555_alpha_alpha_1
00014d2e g     F .recovery_ramtext	0000000e osal_irq_enable
000155c4 g     F .recovery_ramtext	0000000e get_pm_list_mutex
0002b744 g     F .recovery_ramtext	00000004 .hidden __lctrans
0002534e g     F .recovery_ramtext	00000022 hal_pmu_auxldo_set_voltage
00024116 g     F .recovery_ramtext	00000058 hal_clocks_bridging_exit_lp_config
0002661e g     F .recovery_ramtext	00000030 LOS_EventDestroy
000255a6 g     F .recovery_ramtext	00000014 hal_pmu1_dig_pg_l2m_gmmu_pwr_en
00018554 g     F .recovery_ramtext	0000000a hal_rsa_v2_regs_deinit
2000c108 g     O .bss	00000008 g_dlRelocQueue
20003e3c g     O .data	00000004 __stack_chk_guard
00010222 g     F .recovery_ramtext	00000024 cpu_utils_reset_chip_with_log
00028ada g     F .recovery_ramtext	0000002a OsTaskEntry
200041d8 g     O .bss	00000004 g_tickSpin
0002f672 g     F .recovery_ramtext	00000020 HalIrqSetClicIntAttr
00016f00 g     F .recovery_ramtext	0000020e mipi_tx_drv_set_phy_cfg
00022f7e g     F .recovery_ramtext	0000000e systick_port_register_hal_funcs
00010fc2 g     F .recovery_ramtext	0000006a log_event_print3
70bacf86 g     F .text	0000003e yaffs_find_by_number
70ba7a0e g     F .text	00000030 dpu_reg_set_gfx_dcmp_ctrl_cmp_mode
0001dfc0 g     O .recovery_ramtext	00000008 g_boe_454x454_screen_init_on_cmds
00014bae g     F .recovery_ramtext	0000001c osal_kmalloc
00023b90 g     F .recovery_ramtext	0000011c pmp_init
70ba6a00 g     F .text	00000034 dpu_reg_set_dhd0_precharge_thd_vsync_te_mode
2000395c g     O .data	0000002c g_hal_efuse_v100_funcs
60240000 g       .l2m_gpu_bss	00000000 __l2m_gpu_bss_start
0001943c g     F .recovery_ramtext	0000000a hal_tcxo_get_funcs
00022b5e g     F .recovery_ramtext	0000000a sha_get_base_addr
70ba6b3c g     F .text	00000026 dpu_reg_set_sram_ctrl_lp_mode
70ba66b4 g     F .text	00000030 dpu_reg_set_link_ctrl_format_link
000243ca g     F .recovery_ramtext	00000084 hal_clocks_sub_normal_sel_cfg
70ba7bd6 g     F .text	00000038 dpu_reg_set_gfx_ckey_mask_key_r_msk
70bab498 g     F .text	00000016 yaffsfs_SetError
00029932 g     F .recovery_ramtext	00000080 ArchTaskStackInit
70baaa5a g     F .text	00000028 nand_yaffs_nand_block_isbad
0002b766 g     F .recovery_ramtext	00000012 .hidden __stdio_close
200038b4 g     O .data	00000010 yf_volume_percent
0002470a g     F .recovery_ramtext	0000004c clocks_app_clk_init
20004628 g       .data	00000000 _gp_
70bb2552 g     F .text	0000002a yaffs_load_attribs
70ba4dc6 g     F .text	00000008 dpu_layer_query_state
0001df98 g     O .recovery_ramtext	00000008 g_te_on_cmds
70bb25ca g     F .text	00000018 yaffs_load_current_time
70baa8fc g     F .text	0000001c nf_erase_block
00028540 g     F .recovery_ramtext	000000c2 OsSwtmrInit
70ba79ae g     F .text	00000030 dpu_reg_set_gfx_dcmp_ctrl_alpha_bypass
0002391c g     F .recovery_ramtext	0000001c flash_porting_set_enter_xip_clk_div
0001d50a g     F .recovery_ramtext	0000000c lcd_get_driver_ops
00018874 g     F .recovery_ramtext	0000000e hal_efuse_v100_funcs_get
00028298 g     F .recovery_ramtext	0000003e OsAdd2SortLink
000276b0 g     F .recovery_ramtext	00000096 OsMuxPostOp
0001a2b4 g     F .recovery_ramtext	00000012 hal_xip_get_cur_mode
70ba7b08 g     F .text	0000002e dpu_reg_set_gfx_ckey_max_key_b_max
20015b8c g     O .bss	00000004 g_rsa_v2_regs
000279a2 g     F .recovery_ramtext	0000001a OsPriQueueInit
70ba9310 g     F .text	00000050 files_release
000332c0 g       *ABS*	00000000 __initcall3_start
000194e0 g     F .recovery_ramtext	0000001e hal_tcxo_reg_count_get
00010e00 g     F .recovery_ramtext	0000002c set_exception_stack_frame
000322ea g     F .recovery_ramtext	00000918 __addtf3
00022b68 g     F .recovery_ramtext	00000018 sha_port_set_clk_en
00023a5e g     F .recovery_ramtext	0000003a rtc_port_register_irq
0002f652 g     F .recovery_ramtext	00000020 HalIrqClear
000332e4 g     O .sysintcall.init	00000004 initFn_OsCpupInit
70ba918e g     F .text	00000026 inode_semgive
00021c68 g     F .recovery_ramtext	0000000a uapi_drv_cipher_pke_rsa_verify
70ba3c30 g     F .text	0000002a dpu_ioctl_get_layer_pos
00022a3e g     F .recovery_ramtext	00000048 HalClockStart
000228e6 g     F .recovery_ramtext	00000014 gpio_porting_base_addr_get
60100000 g       .extend_heap	00000000 __extend_heap_start
70bab37c g     F .text	00000090 nand_read_page
00028a68 g     F .recovery_ramtext	00000008 OsTaskMonInit
70ba6e5a g     F .text	00000030 dpu_reg_set_g1_csc_coef11
0001cd58 g     F .recovery_ramtext	00000072 mipi_bus_read
0002313a g     F .recovery_ramtext	0000000e pin_port_register_hal_funcs
70bab35c g     F .text	00000010 nand_mark_bad_block
70ba4426 g     F .text	0000006a dpu_layer_show
70ba3ed6 g     F .text	00000030 dpu_layer_suspend
00026f1e g     F .recovery_ramtext	0000000a LOS_MemPoolSizeGet
00024f12 g     F .recovery_ramtext	00000052 pmu_display_power_and_reset_cfg
00023ea8 g     F .recovery_ramtext	00000048 clocks_auto_cg_config
00000000 g       *ABS*	00000000 __l2m_gpu_text_size
70ba4e42 g     F .text	00000022 dpu_disp_deinit
0001dfb8 g     O .recovery_ramtext	00000008 g_edo_454x454_screen_init_on_cmds
000274a0 g     F .recovery_ramtext	00000094 LOS_MuxDelete
000229d2 g     F .recovery_ramtext	00000026 gpio_ulp_clock_switch_to_pclk
00026b0e g     F .recovery_ramtext	0000010e LOS_MemPoolInit
00022fa8 g     F .recovery_ramtext	0000000a tcxo_porting_ticks_per_usec_get
0002895c g     F .recovery_ramtext	0000006e OsTaskInit
20011d38 g     O .bss	00000004 g_spinorPartitionHead
70bac92a g     F .text	0000000c yaffs_set_obj_name_from_oh
0001c4a8 g     F .recovery_ramtext	00000014 uapi_flash_switch_to_cache_mode
000332c0 g       .recovery_ramtext	00000000 __init_array_end
0001daf8 g     O .recovery_ramtext	00000258 g_boe_454x454_screen_init_on
0001a3c8 g     F .recovery_ramtext	00000026 hal_rtc_v100_get_current_value
70ba73de g     F .text	0000003e dpu_reg_set_g1_cvfir_vcoef2_vccoef12
00022b98 g     F .recovery_ramtext	00000014 rsa_set_endian
00023358 g     O .recovery_ramtext	00000000 g_gpio_function_config
0001f288 g     F .recovery_ramtext	0000005a write_cmd
2000c110 g     O .bss	00000054 g_flash_config
00014a58 g     F .recovery_ramtext	000000cc upg_get_root_public_key
70ba4ec8 g     F .text	00000094 dpu_disp_chl_cfg
000247e2 g     F .recovery_ramtext	0000000c clocks_pll_used_init_type_translation
000104fa g     F .recovery_ramtext	000000a4 dfx_file_mkdir
20003e50 g     O .data	00000008 g_driver_list
70ba3e04 g     F .text	0000006a dpu_layer_init
60240000 g       .l2m_gpu_data	00000000 __l2m_gpu_data_start
00015394 g     F .recovery_ramtext	0000001a dpal_event_read
0002018e g     F .recovery_ramtext	00000030 os_nand_block_isbad
70babc72 g     F .text	0000008e yaffs2_checkpt_wr
0001d710 g     O .recovery_ramtext	00000028 g_common_cmd_te_off
0001d738 g     O .recovery_ramtext	000002d0 g_st7367_360x480_screen_init_on
70bb4ae2 g     F .text	00000018 yaffs_remove_device
00024c6a g     F .recovery_ramtext	0000006a pmu_ldo_power_on
70baac72 g     F .text	00000028 vfs_yaffs_close
70bb43a2 g     F .text	00000012 yaffs_lstat
000332c0 g       *ABS*	00000000 __initcall4_start
0002297a g     F .recovery_ramtext	00000018 gpio_hal_context_adapter
20003e48 g     O .data	00000008 g_device_list
0001ffb8 g     F .recovery_ramtext	000001d6 os_nand_write_oob
0002c128 g     F .recovery_ramtext	0000000c strcpy
70bb43b4 g     F .text	0000014e yaffs_mkdir_reldir
0001f600 g     F .recovery_ramtext	0000016a read_buffer
00019eec g     F .recovery_ramtext	0000000a hal_watchdog_get_funcs
70ba7292 g     F .text	00000038 dpu_reg_set_g1_cvfir_vcoef0_vccoef00
20004178 g     O .bss	00000004 g_stackNum
0001ddf0 g     O .recovery_ramtext	000000b4 g_boe_194x368_screen_init_on
70bb0d20 g     F .text	00000066 yaffs_calc_checkpt_blocks_required
70ba7096 g     F .text	00000030 dpu_reg_set_g1_csc_min_y
0001c916 g     F .recovery_ramtext	00000024 ipc_register_handler
70ba718e g     F .text	00000038 dpu_reg_set_g1_cvfir_vinfo_out_pro
00015722 g     F .recovery_ramtext	00000016 non_os_get_nmi_raw_status
70bb0cee g     F .text	00000032 yaffs2_checkpt_required
70baa918 g     F .text	00000020 nf_check_block
00014666 g     F .recovery_ramtext	0000000a pm_os_irq_lock
70bab484 g     F .text	0000000a yaffs_start
87004860 g     O .preserve	000000fc g_preserve_data_lib
00022b80 g     F .recovery_ramtext	00000018 sha_port_set_soft_reset
0002b8e6 g     F .recovery_ramtext	0000000e .hidden __stdout_write
000282d6 g     F .recovery_ramtext	0000003a OsDeleteSortLink
00023ffe g     F .recovery_ramtext	0000004e hal_clocks_xip_cache_div_config
70ba8b00 g     F .text	0000001c read
000115b8 g     F .recovery_ramtext	00000078 upg_get_image_info
70ba3dbe g     F .text	00000024 dpu_ioctl_get_layer_vblank
70ba4cec g     F .text	0000000a dpu_layer_wait_vsync
20003188 g     O .data	00000094 .hidden __stdout_FILE
00014182 g     F .recovery_ramtext	00000020 reset_deal_with_fs
70bb4a62 g     F .text	0000000e yaffs_totalspace
0001935e g     F .recovery_ramtext	0000000e hal_systick_v150_funcs_get
000292d4 g     F .recovery_ramtext	00000004 OsTickStart
00022cae g     F .recovery_ramtext	0000001e efuse_port_set_clk_en
0001e7ac g     F .recovery_ramtext	00000022 uapi_mipi_tx_exit_sdlp
70bb0c00 g     F .text	00000020 yaffs2_clear_oldest_dirty_seq
70bb27e0 g     F .text	000005d8 yaffs_qsort
20015b64 g     O .bss	00000004 g_mipi_tx_regs_va
70bb46e2 g     F .text	00000012 yaffs_mount
0001aec8 g     F .recovery_ramtext	00000036 uapi_flash_is_processing
0001cbb8 g     F .recovery_ramtext	0000000a lcd_get_bus_type
70bab94e g     F .text	00000030 yaffs_set_chunk_bit
00028ad4 g     F .recovery_ramtext	00000006 LOS_IdleHandlerHookReg
0001aa76 g     F .recovery_ramtext	00000030 uapi_dma_init
000263ec g     F .recovery_ramtext	00000026 LOS_EventInit
70bb021a g     F .text	00000072 yaffs_summary_init
00033304 g     O .sysintcall.init	00000004 initFn_OsAdaptInit
70baf290 g     F .text	0000004e yaffs_link_fixup
0001dfe8 g     O .recovery_ramtext	00000008 g_edo_466x466_screen_init_on_cmds
0002404c g     F .recovery_ramtext	000000be hal_clocks_module_auto_cg_control
0001ac3e g     F .recovery_ramtext	00000138 uapi_flash_init
70babe8a g     F .text	000002de yaffs2_checkpt_rd
70ba7308 g     F .text	00000030 dpu_reg_set_g1_cvfir_vcoef0_vccoef02
0002387a g     F .recovery_ramtext	00000020 spi_funcreg_adapt
70baffb0 g     F .text	00000012 yaffs_query_init_block_state
00021dc6 g     F .recovery_ramtext	00000040 uapi_spi_master_read
000332c0 g       *ABS*	00000000 __initcall0_end
00021c72 g     F .recovery_ramtext	00000062 uapi_spi_init
200107d1 g     O .bss	00000002 g_pll_used_vote_count
20015b58 g     O .bss	00000004 g_dma_regs
00031de4 g     F .recovery_ramtext	000000c4 __floatundisf
000147ee g     F .recovery_ramtext	0000000a upg_get_flash_size
70bab646 g     F .text	0000001e yaffsfs_CurrentTime
00022b1a g     F .recovery_ramtext	00000014 sha_set_endian
000151e8 g     F .recovery_ramtext	0000000e dpal_free
70bacf06 g     F .text	00000046 yaffs_flush_whole_cache
70bb4c30 g     F .text	00000018 yaffs_closedir
0001bc04 g     F .recovery_ramtext	0000010c uapi_flash_sector_erase
70ba63ee g     F .text	0000002c dpu_crg_set_dpu_hd0_cken
00023850 g     F .recovery_ramtext	0000002a spi_porting_get_device_mode
0001a8ba g     F .recovery_ramtext	000000aa uapi_uart_write
70bab4ca g     F .text	00000036 yaffsfs_Lock
00014ddc g     F .recovery_ramtext	0000001a osal_mutex_lock
0002b8f4 g     F .recovery_ramtext	0000003a .hidden __towrite
0001f9f2 g     F .recovery_ramtext	0000008c read_buffer_single_line_width_8
70bb3956 g     F .text	0000003a yaffs_fsync
00022b2e g     F .recovery_ramtext	0000000e sha_get_endian
20003000 g       .data	00000000 __data_begin__
70ba4fea g     F .text	0000000a dpu_disp_get_layer_zorder
60100000 g       .l2m_dsp_bss	00000000 __l2m_dsp_bss_start
00020a34 g     F .recovery_ramtext	000000ec mc_flash_mark_bad_block
2000c000 g     O .bss	00000004 g_pstSystemWq
00021f46 g     F .recovery_ramtext	00000060 uapi_systick_get_count
20015b20 g     O .bss	00000004 nand_driver
20015c0c g     O .bss	00000004 g_diskFatBlockSpinlock
00025836 g     F .recovery_ramtext	00000022 hal_pmu_vdd1p9_set_voltage
20003eb0 g     O .data	00000004 g_vfs_map
00022d4c g     O .recovery_ramtext	0000000c g_efuse_region_read_address
000221c6 g     F .recovery_ramtext	0000003e uapi_watchdog_set_time
70ba47a0 g     F .text	00000072 dpu_layer_get_colorkey
000164ee g     F .recovery_ramtext	000000f8 hal_gpio_irq_handler
0002bfda  w    F .recovery_ramtext	0000009c stpncpy
00014a16 g     F .recovery_ramtext	00000042 upg_flash_erase
000272d2 g     F .recovery_ramtext	0000001a OsMemTaskClear
00025052 g     F .recovery_ramtext	00000016 hal_pmu2_cmu_pll_frac_manual_get
70bae1ee g     F .text	00000136 yaffs_file_rd
0001fe94 g     F .recovery_ramtext	00000008 os_nand_write
00023a98 g     F .recovery_ramtext	00000016 rtc_porting_ms_2_cycle
00028d34 g     F .recovery_ramtext	00000002 OsTaskProcSignal
00011ce0 g     F .recovery_ramtext	0000000e upg_get_func_list
0001f2e2 g     F .recovery_ramtext	00000144 program_load
70ba7864 g     F .text	0000002e dpu_reg_set_gfx_src_crop_src_crop_x
0001a38e g     F .recovery_ramtext	0000001c hal_rtc_v100_stop
200041dc g     O .bss	00000004 g_sysClock
2000c100 g     O .bss	00000008 g_dlLoadQueue
0001a7e8 g     F .recovery_ramtext	000000d2 uapi_uart_register_rx_callback
00011b5c g     F .recovery_ramtext	00000044 upg_set_update_result
000188fc g     F .recovery_ramtext	0000002e hal_spi_register_funcs
00031b9c g     F .recovery_ramtext	0000011e __muldf3
70ba5648 g     F .text	00000006 dpu_dfx_proc_read
00010d64 g     F .recovery_ramtext	00000032 set_last_panic
00015404 g     F .recovery_ramtext	0000002e dpal_spin_lock_irqsave
0002416e g     F .recovery_ramtext	0000001a hal_clocks_pll_module_clken
20004194 g     O .bss	00000004 g_taskSpin
00011038 g     F .recovery_ramtext	00000182 log_oml_exception_info_send
000318a6 g     F .recovery_ramtext	00000002 LOS_SysTickReload
00000000 g       *ABS*	00000000 __l2m_gpu_bss_size
70ba44fa g     F .text	000001b4 dpu_layer_set_info
0001a422 g     F .recovery_ramtext	00000118 uapi_uart_init
70ba7ba8 g     F .text	0000002e dpu_reg_set_gfx_ckey_min_key_b_min
70ba3706 g     F .text	00000124 uapi_dpu_create_layer
0001a2c6 g     F .recovery_ramtext	0000003c hal_xip_config_interrupt_type
00024188 g     F .recovery_ramtext	00000024 hal_clocks_bcpu_get_normal_config
000268c8 g     F .recovery_ramtext	00000016 LOS_HwiClear
00029838 g     F .recovery_ramtext	00000018 OsExcHandleEntry
20003000 g       .stacks	00000000 __int_stack_end
00018538 g     F .recovery_ramtext	0000001c hal_rsa_v2_regs_init
00028310 g     F .recovery_ramtext	00000046 OsStackWaterLineGet
70ba6288 g     F .text	00000024 dpu_hal_layer_set_alpha_bypass
000246f2 g     F .recovery_ramtext	00000018 hal_clocks_sub_sleep_cfg
00024a46 g     F .recovery_ramtext	0000004a clocks_get_module_frequency
00014d66 g     F .recovery_ramtext	00000010 osal_irq_set_priority
70bab534 g     F .text	0000008a yaffsfs_LockInit
70ba68ec g     F .text	0000002a dpu_reg_set_dhd0_hsync2_hfb
00020d66 g     F .recovery_ramtext	0000004e uapi_pin_set_ie
70ba3c0a g     F .text	00000026 dpu_ioctl_set_layer_pos
70baca0e g     F .text	00000100 yaffs_add_find_tnode_0
0002817e g     F .recovery_ramtext	00000006 OsSlabCtrlHdrGet
00020742 g     F .recovery_ramtext	00000012 mc_flash_write_cmd
70ba94dc g     F .text	00000034 inode_remove
70bace7e g     F .text	0000005e yaffs_add_obj_to_dir
000147f8 g     F .recovery_ramtext	000000f0 upg_flash_read
00024fca g     F .recovery_ramtext	00000024 hal_pmu_analog_status_grm_interrupt_enable
20015bd0 g     O .bss	00000004 g_hal_dsp_chip_watchdog_callback
000280de g     F .recovery_ramtext	000000a0 OsSlabMemInit
00027dbe g     F .recovery_ramtext	0000001a LOS_SemCreate
70ba69d4 g     F .text	0000002c dpu_reg_set_dhd0_vtthd_vtmgthd1
00020c62 g     F .recovery_ramtext	0000000a uapi_pin_init
00022934 g     F .recovery_ramtext	0000000e gpio_port_register_hal_funcs
000318a8 g     F .recovery_ramtext	0000000a __subdf3
0002664e g     F .recovery_ramtext	00000024 LOS_EventClear
70baaf24 g     F .text	00000098 vfs_yaffs_rmdir
70ba9452 g     F .text	0000001a inode_nextname
00024ed6 g     F .recovery_ramtext	00000020 pmu_vdd0p8_power_vset
70bb050c g     F .text	00000296 yaffs_summary_add
0001d096 g     F .recovery_ramtext	00000030 mipi_bus_suspend
00027922 g     F .recovery_ramtext	00000038 PrintExcInfo
000126ca g     F .recovery_ramtext	0000015c upg_resource_file_decode
0001fe8c g     F .recovery_ramtext	00000008 os_nand_read
70ba6396 g     F .text	0000002c dpu_crg_set_dpu_ppc_hd0_cken
000332c0 g       *ABS*	00000000 __initcall4_end
0002f3e4 g     F .recovery_ramtext	0000001e OsSetMainTask
0002300e g     F .recovery_ramtext	00000062 watchdog_dsp_inform_mcpu_enable
00018342 g     F .recovery_ramtext	0000000e hal_sha_v2_get_funcs
00023a4a g     F .recovery_ramtext	00000014 rtc_porting_base_addr_get
70ba91c8 g     F .text	00000022 files_initlist
70ba7d06 g     F .text	0000002c dpu_reg_set_gfx_htc_dcmp_ice_en
000332c0 g     O .sysintcall.init	00000004 initFn_OsRegister
70ba51d0 g     F .text	0000000c dpu_clock_set_start_pos
0002b2e6 g     F .recovery_ramtext	00000024 LzmaDec_Free
70ba8c3e g     F .text	0000006e file_vfcntl
70ba79de g     F .text	00000030 dpu_reg_set_gfx_dcmp_ctrl_dcmp_fmt
70ba5cf6 g     F .text	00000014 dpu_hal_disp_clear_int_state
70ba5f0a g     F .text	00000272 dpu_hal_layer_set_yuv_base_info
00023f2c g     F .recovery_ramtext	0000000e hal_clocks_video_clk_en_get
70ba65c4 g     F .text	00000030 dpu_reg_set_voctrl_g1_ck_gt_en
00025232 g     F .recovery_ramtext	0000001e hal_pmu_cldo_vset_requset
70ba6512 g     F .text	0000002c dpu_crg_set_dpu_apb_cken
70bb0df8 g     F .text	00000028 yaffs2_checkpt_invalidate
00023f14 g     F .recovery_ramtext	00000018 hal_clocks_video_clk_en
000111de g     F .recovery_ramtext	00000012 get_log_basetime_ms
0001892a g     F .recovery_ramtext	0000001c hal_spi_get_funcs
00010efc g     F .recovery_ramtext	0000000a log_get_local_log_level
6c000000 g       .psram_text	00000000 __psram_text_start
0001059e g     F .recovery_ramtext	0000000e dfx_file_fsync
70baad76 g     F .text	00000012 vfs_yaffs_dup
00023f3a g     F .recovery_ramtext	00000024 hal_clocks_video_srst_en
000238e0 g     F .recovery_ramtext	00000020 flash_porting_get_config
70ba6cba g     F .text	0000002c dpu_reg_set_g0_vfpos_video_yfpos
70ba617c g     F .text	00000058 dpu_hal_layer_set_fmt
70ba5e82 g     F .text	0000001a dpu_hal_layer_set_fdr_chksum_en
00011b54 g     F .recovery_ramtext	00000008 upg_flash_erase_metadata_pages
2001233c g     O .bss	00000050 yaffs_block
70bae444 g     F .text	0000024e yaffs_do_file_wr
20004d10 g     O .bss	00000004 g_pmListMutex
20000000 g       .stacks	00000000 g_system_stack_begin
70ba7c48 g     F .text	0000002e dpu_reg_set_gfx_ckey_mask_key_b_msk
70ba4812 g     F .text	000004da dpu_layer_refresh
70bac662 g     F .text	00000026 yaffs_endian_config
70bb3a30 g     F .text	0000019e yaffs_read
70baa062 g     F .text	0000001c mount_findfs
0001cc82 g     F .recovery_ramtext	000000d6 mipi_bus_write
20004174 g     O .bss	00000004 g_stackInfo
70ba6d9a g     F .text	00000030 dpu_reg_set_g1_csc_coef00
00015330 g     F .recovery_ramtext	00000026 dpal_event_init
2000f3a4 g     O .bss	00000004 g_pmu_check_reg_value
00028496 g     F .recovery_ramtext	000000aa OsSwtmrTask
70bacbf8 g     F .text	000000f4 yaffs_put_chunk_in_file
00025068 g     F .recovery_ramtext	0000001a hal_pmu2_cmu_pll_lock_check
70ba76e8 g     F .text	00000030 dpu_reg_set_gfx_out_ctrl_key_mode
70ba6dfa g     F .text	00000030 dpu_reg_set_g1_csc_coef02
00016478 g     F .recovery_ramtext	00000020 hal_gpio_regs_init
70ba4f5c g     F .text	00000066 dpu_disp_open
00029ab4 g     F .recovery_ramtext	00000014 LzmaDec_Init
70ba9f0c g     F .text	00000086 register_blockdriver
00021cd4 g     F .recovery_ramtext	00000028 uapi_spi_set_attr
200107f1 g     O .bss	0000001e g_current_clocks
0001b782 g     F .recovery_ramtext	00000202 uapi_flash_read_data_without_align
0002389a g     F .recovery_ramtext	0000000a spi_porting_lock
70ba67ca g     F .text	0000002c dpu_reg_set_dhd0_ctrl_iop
70ba8fca g     F .text	00000054 lseek64
00031d0a g     F .recovery_ramtext	00000034 __fixunsdfsi
00011dce g     F .recovery_ramtext	0000004a calc_hash
70ba5516 g     F .text	0000000a dpu_isr_clear_finish_flag
00018578 g     F .recovery_ramtext	0000000a hal_efuse_get_funcs
00027cb2 g     F .recovery_ramtext	00000024 OsSchedPrioModify
00024d4e g     F .recovery_ramtext	00000048 pmu_buck_vset
00014df6 g     F .recovery_ramtext	00000028 osal_mutex_lock_timeout
70bb0094 g     F .text	00000020 yaffs_pack_tags2
00014b94 g     F .recovery_ramtext	0000001a UartPuts
00033110 g     F .recovery_ramtext	000001aa __trunctfdf2
70ba4fc2 g     F .text	00000028 dpu_disp_set_cbm_priority
000317de g     F .recovery_ramtext	0000000e irfree
70ba5520 g     F .text	0000009c dpu_wait_all_finish
70ba4340 g     F .text	0000007c dpu_layer_set_zorder
70baad2a g     F .text	00000020 vfs_yaffs_seek64
70ba976c g     F .text	00000218 opendir
200041b4 g     O .bss	00000004 g_taskScheduled
00023148 g     O .recovery_ramtext	00000210 g_pio_function_config
20004010 g     O .bss	00000004 g_MALLOC_HOOK
70baa938 g     F .text	00000020 nf_mark_badblock
20003870 g     O .data	00000044 g_ds35x1g_driver
00032c02 g     F .recovery_ramtext	000000dc __ashlti3
70baae88 g     F .text	0000009c vfs_yaffs_mkdir
0001933a g     F .recovery_ramtext	0000001a hal_systick_register_funcs
000288a6 g     F .recovery_ramtext	000000b6 OsTaskScan
00021362 g     F .recovery_ramtext	0000000a uapi_drv_cipher_hash_finish
87004860 g       .ipc_share_mem	00000000 __ipc_share_mem_end__
00023968 g     F .recovery_ramtext	00000042 flash_funcreg_adapt
70bb46f4 g     F .text	000000a0 yaffs_sync_common
00020500 g     F .recovery_ramtext	0000000e nand_qspi_enable
000237f2 g     F .recovery_ramtext	00000014 spi_porting_base_addr_get
70ba3e6e g     F .text	0000004a dpu_layer_deinit
70bac7a6 g     F .text	00000026 yaffs_check_alloc_available
70ba5cca g     F .text	0000001e dpu_hal_disp_set_int_enable
0002ba50  w    F .recovery_ramtext	00000028 _IO_ferror_unlocked
70ba6d14 g     F .text	0000002c dpu_reg_set_g0_vlpos_video_ylpos
70ba3c5a g     F .text	0000002a dpu_ioctl_set_layer_zorder
000147e4 g     F .recovery_ramtext	0000000a upg_get_flash_base_addr
00014c8e g     F .recovery_ramtext	0000001a osal_event_clear
70ba8eda g     F .text	00000088 realpath
00000000 g       *ABS*	00000000 __psram_text_size
00017920 g     F .recovery_ramtext	00000092 mipi_tx_drv_disable_input
0002bd08 g     F .recovery_ramtext	0000009e fwrite
00010d26 g     F .recovery_ramtext	0000000e get_update_reset_cause_on_boot
00022f68 g     O .recovery_ramtext	00000008 g_uart_base_addrs
0001dfd0 g     O .recovery_ramtext	00000008 g_boe_194x368_screen_init_on_cmds
20015bb8 g     O .bss	00000004 g_watchdog_regs
70ba5ce8 g     F .text	0000000e dpu_hal_disp_get_int_state
000188c4 g     F .recovery_ramtext	00000038 hal_spi_regs_init
00011e18 g     F .recovery_ramtext	000000fe secure_authenticate
70ba6846 g     F .text	0000002a dpu_reg_set_dhd0_vsync1_vact
70bafbba g     F .text	00000064 yaffs_get_n_free_chunks
0001dfc8 g     O .recovery_ramtext	00000008 g_sh_240x296_screen_init_on_cmds
0001e9a4 g     F .recovery_ramtext	0000000e get_nand_flash
70ba65fc g     F .text	00000010 dpu_reg_get_vomskintsta
00031d3e g     F .recovery_ramtext	00000060 __fixunssfdi
0002e89c g     F .recovery_ramtext	00000080 vsnprintf
2000c4e4 g     O .bss	00000880 buffer_verify
00022fc0 g     F .recovery_ramtext	00000006 watchdog_port_register_irq
200041a0 g     O .bss	00000004 g_taskRecycleHook
00028356 g     F .recovery_ramtext	00000060 OsExcStackCheck
000279bc g     F .recovery_ramtext	0000003a OsPriQueueEnqueue
0002bdd8 g     F .recovery_ramtext	00000014 memalign
000154a0 g     F .recovery_ramtext	0000002e dpal_sem_up
0002bb46 g     F .recovery_ramtext	0000007e fopen
00010dca g     F .recovery_ramtext	00000036 set_exception_info
70bac7cc g     F .text	00000042 yaffs_skip_rest_of_block
70bb5184 g     O .text	0000007c yaffs_operations
70ba8dcc g     F .text	00000084 los_vfs_init
00017a50 g     F .recovery_ramtext	00000010 mipi_tx_drv_init
70ba73ae g     F .text	00000030 dpu_reg_set_g1_cvfir_vcoef1_vccoef11
70ba5a1a g     F .text	00000042 dpu_hal_crg_init
2000400c g     O .bss	00000004 g_memSpin
00022c24 g     F .recovery_ramtext	0000000a rsa_port_unregister_hal_funcs
000243b0 g     F .recovery_ramtext	0000001a hal_clocks_is_dual_channel_module
20015b48 g     O .bss	00000004 head
70badb04 g     F .text	000002d2 yaffs_update_oh
0002fdbc g     F .recovery_ramtext	00000054 memcpy_s
20015b24 g     O .bss	00000001 g_trans_type
000220e0 g     F .recovery_ramtext	00000022 uapi_tcxo_delay_us
000141ae g     F .recovery_ramtext	0000000c hal_register_exception_dump_callback
000278ea g     F .recovery_ramtext	00000038 dprintf
70ba6222 g     F .text	00000024 dpu_hal_layer_set_addr
000193f4 g     F .recovery_ramtext	0000002e hal_systick_reg_count_get
00029850 g     F .recovery_ramtext	00000018 OsNMIHandler
000332c8 g       *ABS*	00000000 __sysinitcall3_start
000253b4 g     F .recovery_ramtext	0000001c hal_pmu_ioldo_set_voltage
20015bc8 g     O .bss	00000004 g_xip_regs
0001e56e g     F .recovery_ramtext	000000e4 uapi_mipi_tx_set_dev_cfg
70ba9dda g     F .text	000000ec find_blockdriver
0001592e g     F .recovery_ramtext	0000000a hal_dma_get_funcs
70bac75a g     F .text	0000004c yaffs_handle_chunk_error
70babc5c g     F .text	00000016 yaffs2_get_checkpt_sum
70ba5c3c g     F .text	00000040 dpu_hal_disp_set_int_thd
0002e980 g     F .recovery_ramtext	00000012 vsprintf
00025296 g     F .recovery_ramtext	00000056 hal_pmu_cmu_ldo_enable
0001d07c g     F .recovery_ramtext	0000001a mipi_bus_register_panel_info
000139e0 g     F .recovery_ramtext	00000118 upg_write_new_image_data
20004628 g       .data	00000000 __global_pointer$
70ba858c g     F .text	000000e8 mkdir
20011d40 g     O .bss	00000004 g_mtdPartitionLock
70bab82e g     F .text	0000008e yaffs_deinit_raw_tnodes_and_objs
20015bcc g     O .bss	00000004 g_uart_is_need_awake_callback
70ba904a g     F .text	00000082 nx_write
0001574a g     F .recovery_ramtext	00000012 hal_cpu_trace_disable
70ba76b4 g     F .text	00000034 dpu_reg_set_gfx_out_ctrl_key_en
70ba7036 g     F .text	00000030 dpu_reg_set_g1_csc_odc1
70ba74ac g     F .text	00000038 dpu_reg_set_g1_hfircoef01_coef1
0001df88 g     O .recovery_ramtext	00000008 g_idle_in_cmds
70ba89b2 g     F .text	00000090 inode_stat
000256b0 g     F .recovery_ramtext	00000014 hal_pmu1_dig_pg_bram_pwr_en
0001df80 g     O .recovery_ramtext	00000008 g_display_off_cmds
60100000 g       .l2m_dsp_data	00000000 __l2m_dsp_data_start
00023e5a g     F .recovery_ramtext	0000004e clocks_hardware_sub_init
70ba7d32 g     F .text	00000014 dpu_qspi_check_is_qspi
70ba7514 g     F .text	00000038 dpu_reg_set_g1_hfircoef23_coef3
20004184 g     O .bss	00000008 g_swtmrFreeList
20000c00 g       .stacks	00000000 __stack_top__
00022c80 g     F .recovery_ramtext	0000000a hal_efuse_get_region
00010e3e g     F .recovery_ramtext	000000be log_event
0002ba50 g     F .recovery_ramtext	00000028 ferror
70ba915a g     F .text	00000034 inode_semtake
0001a372  w    F .recovery_ramtext	0000001c hal_rtc_start
20003e6c g     O .data	00000004 g_rsa_v2_reg
00022f70 g     F .recovery_ramtext	0000000e systick_porting_base_addr_get
70ba6c32 g     F .text	0000002e dpu_reg_set_g0_dfpos_disp_xfpos
70ba70c6 g     F .text	00000030 dpu_reg_set_g1_csc_min_c
000193ea g     F .recovery_ramtext	0000000a hal_systick_v150_regs_deinit
70bab8bc g     F .text	00000038 yaffs_init_raw_tnodes_and_objs
000236ca g     F .recovery_ramtext	00000042 dma_port_get_master_select
000222cc g     F .recovery_ramtext	00000026 mtd_init_list
20015b98 g     O .bss	00000004 g_systick_regs
00027534 g     F .recovery_ramtext	000000b0 OsMuxPendOp
70ba7b36 g     F .text	00000038 dpu_reg_set_gfx_ckey_min_key_r_min
00024be0 g     F .recovery_ramtext	00000080 pmu_cmu_get_pll_clock_value
00026954 g     F .recovery_ramtext	0000002a LOS_SaveCallerRa
0001aa5e g     F .recovery_ramtext	0000000e cpu_trace_disable
000146f8 g     F .recovery_ramtext	0000000c upg_get_res_file_index_path
0001aaa6 g     F .recovery_ramtext	0000002a uapi_dma_open
0002568e g     F .recovery_ramtext	00000022 hal_pmu1_dig_pg_xip_mem_pwr_ack_get
00012826 g     F .recovery_ramtext	0000004a write_image_block
000332c0 g       *ABS*	00000000 __initcall6_end
00024756 g     F .recovery_ramtext	0000003a bt_clocks_set_freq
00022062 g     F .recovery_ramtext	0000001e uapi_tcxo_get_us
00024d9c g     F .recovery_ramtext	000000c0 pmu1_dig_pg_sub_power_on
70ba8cac g     F .text	00000072 fcntl
00014e2e g     F .recovery_ramtext	00000024 osal_sem_init
70ba8e5a g     F .text	00000080 access
00022942 g     F .recovery_ramtext	00000038 gpio_context_adapter
70ba75e4 g     F .text	00000038 dpu_reg_set_g1_hfircoef67_coef7
000156dc g     F .recovery_ramtext	00000038 non_os_nmi_config
00033300 g     O .sysintcall.init	00000004 initFn_OsAppTaskCreate
0002937e g     F .recovery_ramtext	00000018 ArchICachePrefetchEnable
70ba5ee6 g     F .text	00000024 dpu_hal_layer_set_alpha0_alpha1
70bb121c g     F .text	00000554 yaffs2_checkpt_restore
00014e1e g     F .recovery_ramtext	00000010 osal_mutex_unlock
00025210 g     F .recovery_ramtext	00000022 hal_pmu_cldo_set_voltage
20003f00 g       .bss	00000000 __bss_start
00019ed2 g     F .recovery_ramtext	0000001a hal_watchdog_register_funcs
70ba6710 g     F .text	0000002a dpu_reg_set_dhd0_ctrl_intf_en
200043b0 g     O .bss	00000104 g_errnoArray
70baae7a g     F .text	0000000e vfs_yaffs_rewinddir
00011ac2 g     F .recovery_ramtext	00000092 upg_get_image_update_status
000277f4 g     F .recovery_ramtext	00000004 UartVprintf
00019f12 g     F .recovery_ramtext	0000000a hal_watchdog_regs_deinit
00023e0e g     F .recovery_ramtext	0000004c system_mcu_clocks_config
00032cde g     F .recovery_ramtext	000000a0 __ledf2
00014cd2 g     F .recovery_ramtext	00000046 osal_irq_request
0002b970 g     F .recovery_ramtext	00000022 set_errno
2000c0ec g     O .bss	00000004 g_dlLoadQueueLocker
70ba3de2 g     F .text	00000022 dpu_ioctl_query_layer_state
00003000 g       *ABS*	00000000 g_stack_system
00031ef4 g     F .recovery_ramtext	00000052 __floatsidf
00015460 g     F .recovery_ramtext	00000040 dpal_sem_init
00017752 g     F .recovery_ramtext	00000116 mipi_tx_drv_get_cmd_info
0002469c g     F .recovery_ramtext	0000002c hal_clocks_config_bit
2000ba00 g     O .bss	00000180 g_vectorIntTable
000233dc g     F .recovery_ramtext	0000000a xip_porting_base_addr_get
000332c0 g       .recovery_ramtext	00000000 __fini_array_start
00010ca0 g     F .recovery_ramtext	0000000e set_update_reset_cause_on_boot
0002809a g     F .recovery_ramtext	00000044 OsSlabAllocatorFree
00012438 g     F .recovery_ramtext	00000102 upg_lzma_init
70ba398e g     F .text	0000003c uapi_dpu_refresh_layers
00026700 g     F .recovery_ramtext	00000052 OsIntHandle
00019422 g     F .recovery_ramtext	0000001a hal_tcxo_register_funcs
000135b8 g     F .recovery_ramtext	000003de uapi_upg_start
000147da g     F .recovery_ramtext	0000000a upg_watchdog_kick
00022080 g     F .recovery_ramtext	00000030 uapi_tcxo_delay_ms
00011796 g     F .recovery_ramtext	0000000a upg_is_inited
000332c0 g       *ABS*	00000000 __initcall7_start
70ba4de6 g     F .text	0000000a dpu_disp_get_srceen_height
0001d16e g     F .recovery_ramtext	0000000e lcd_drv_get_common_api
70ba358c g     F .text	0000001a OsCpupStartToRun
00020d18 g     F .recovery_ramtext	0000004e uapi_pin_set_pull
0001bd10 g     F .recovery_ramtext	00000184 uapi_flash_send_cmd_exe
0002f7cc g     F .recovery_ramtext	0000007a DoInitcalls
00023122 g     F .recovery_ramtext	00000018 pin_check_mode_is_valid
70bac336 g     F .text	0000002c yaffs_do_endian_u32
70ba966e g     F .text	0000002a inode_find
70ba6d40 g     F .text	0000002e dpu_reg_set_g0_vlpos_video_xlpos
0001f4cc g     F .recovery_ramtext	000000f2 write_by_cpu_single_line
70baf60c g     F .text	0000032a yaffs_guts_initialise
70ba5d32 g     F .text	00000010 dpu_hal_disp_get_cbm_priority
200041a4 g     O .bss	00000004 g_taskDeleteHook
70bab672 g     F .text	0000000e yaffsfs_free
20010d10 g     O .bss	00001008 tg_filelist
2000c0f0 g     O .bss	00000004 g_dlRelocQueueLocker
000317d0 g     F .recovery_ramtext	0000000e irmalloc
00011336 g     F .recovery_ramtext	00000084 uapi_partition_init
0002bdec g     F .recovery_ramtext	00000098 memchr
0001f5be g     F .recovery_ramtext	00000042 debug_read_buffer
0002b7ee g     F .recovery_ramtext	0000000a .hidden __stdio_seek
0002f692 g     F .recovery_ramtext	00000050 HalIrqSetPrio
60100000 g       *ABS*	00000000 g_extend_heap_begin
00015914 g     F .recovery_ramtext	0000001a hal_dma_register_funcs
00023aae g     F .recovery_ramtext	00000044 rtc_porting_compensat_by_tcxo
00024e7c g     F .recovery_ramtext	0000005a pmu_vdd1p0_request_switch
000181cc g     F .recovery_ramtext	0000000a hal_reboot_get_reset_reason
70ba90cc g     F .text	0000001c write
70ba51c6 g     F .text	0000000a dpu_disp_set_chnl_reg_up
70baffc2 g     F .text	00000022 yaffs_erase_block
20015ba4 g     O .bss	00000008 g_hal_uarts_regs
70ba77de g     F .text	0000002c dpu_reg_set_gfx_src_reso_src_h
70bb080c g     F .text	0000008a yaffs_summary_gc
0002f630 g     F .recovery_ramtext	00000022 HalIrqTrigger
20004198 g     O .bss	00000004 g_pfnUsrTskSwitchHook
70ba8a9c g     F .text	00000064 nx_read
000238a4 g     F .recovery_ramtext	0000000c spi_porting_unlock
0001c980 g     F .recovery_ramtext	000000d0 ipc_send_message
000153ae g     F .recovery_ramtext	0000000e dpal_task_delete
200041e8 g     O .bss	00000008 g_cycle2NsScale
20004018 g     O .bss	00000004 m_aucSysMem1
00024322 g     F .recovery_ramtext	00000034 hal_clocks_app_perips_config
00024862 g     F .recovery_ramtext	0000006c clocks_pll_init_vote
70ba7156 g     F .text	00000038 dpu_reg_set_g1_cvfir_vinfo_vzme_ck_gt_en
000153c6 g     F .recovery_ramtext	0000000a dpal_get_curr_task
000151f6 g     F .recovery_ramtext	00000028 dpal_zalloc
70ba4726 g     F .text	0000007a dpu_layer_set_colorkey
20003060 g     O .data	00000094 .hidden __stderr_FILE
0002f702 g     F .recovery_ramtext	0000000a HalCurIrqGet
20003820 g     O .data	00000028 g_common_cmd_idle_in
20003e84 g     O .data	00000004 g_sdma_base_addr
000332d8 g     O .sysintcall.init	00000004 initFn_OsIpcInit
0002bc6a g     F .recovery_ramtext	0000009e .hidden __fwritex
70ba8784 g     F .text	00000126 file_dup
70ba71c6 g     F .text	00000038 dpu_reg_set_g1_cvfir_vinfo_out_fmt
70ba6a34 g     F .text	0000002a dpu_reg_set_dhd0_start_pos_start_pos
0001ef84 g     F .recovery_ramtext	00000084 read_id
70bac936 g     F .text	00000030 yaffs_get_tnode
000194fe g     F .recovery_ramtext	00000030 hal_uart_regs_init
00018882 g     F .recovery_ramtext	0000002c hal_efuse_v100_regs_init
0002beb4 g     F .recovery_ramtext	0000000c .hidden __ofl_unlock
0001e726 g     F .recovery_ramtext	00000042 uapi_mipi_tx_enable
70b8021c g       *ABS*	00000000 __l2m_dsp_text_load
00032d7e g     F .recovery_ramtext	00000060 __nedf2
70ba6870 g     F .text	0000002a dpu_reg_set_dhd0_vsync2_vfb
000317ec g     F .recovery_ramtext	00000018 OsAdaptInit
20015bb4 g     O .bss	00000004 g_hal_watchdogs_funcs
00014d4a g     F .recovery_ramtext	0000000e osal_irq_lock
0002933a g     F .recovery_ramtext	0000002c LOS_MS2Tick
00013d06 g     F .recovery_ramtext	000000e6 uapi_upg_resource_data_process
70baad88 g     F .text	0000008e vfs_yaffs_opendir
70ba3368 g     F .text	00000004 OsCpupCBIrqCreate
00020982 g     F .recovery_ramtext	000000b2 mc_flash_erase_block
00014f6c g     F .recovery_ramtext	0000001c osal_kthread_destroy
000257ec g     F .recovery_ramtext	0000002a hal_pmu_vdd0p8_vset_ack_get
70ba7de2 g     F .text	000000a8 dpu_qspi_ioctl
00033308 g       .sysintcall.init	00000000 __ramtext_end__
70ba694a g     F .text	0000002a dpu_reg_set_dhd0_pwr_hpw
000293b6 g       .recovery_ramtext	00000000 ArchStartToRun
70ba6974 g     F .text	0000002c dpu_reg_set_dhd0_vtthd3_vtmgthd3
00022262 g     F .recovery_ramtext	0000002c get_mtd_info
000241ac g     F .recovery_ramtext	000000f8 hal_mcu_group_clock_switch
0001a372 g     F .recovery_ramtext	0000001c hal_rtc_v100_start
00011320 g     F .recovery_ramtext	00000016 log_uart_send_buffer
00013b02 g     F .recovery_ramtext	0000002c uapi_upg_resource_index_process
000144a2 g     F .recovery_ramtext	00000032 uapi_clocks_init
000263a2 g     F .recovery_ramtext	0000004a LOS_LowBitGet
00010e2c g     F .recovery_ramtext	00000012 get_log_sn_number
0002bbc4 g     F .recovery_ramtext	00000066 .hidden __fseeko_unlocked
00014b24 g     F .recovery_ramtext	00000044 upg_check_fota_information
00014466 g     F .recovery_ramtext	0000003c uapi_pm_remove_sleep_veto
0001c93a g     F .recovery_ramtext	00000046 ipc_check_idle
0002b30a g     F .recovery_ramtext	0000005c LzmaProps_Decode
00015738 g     F .recovery_ramtext	00000012 hal_cpu_is_bt_enabled
200041b8 g     O .bss	00000008 g_taskRecycleList
00033308 g       *ABS*	00000000 __sysinitcall_end
00010a9e g     F .recovery_ramtext	0000000a diag_get_debug_level
000153bc g     F .recovery_ramtext	0000000a dpal_gettime_mono
00025604 g     F .recovery_ramtext	00000016 hal_pmu1_dig_pg_l2m_dsp_ret1_en
70ba5c7c g     F .text	00000014 dpu_hal_disp_set_dhd0_te_mode
0001f80e g     F .recovery_ramtext	00000070 read_buffer_single_line_width_32
70ba62ac g     F .text	000000a0 dpu_hal_layer_set_colorkey
2000cd68 g     O .bss	00000004 has_nandflash_init
70baa9f0 g     F .text	0000006a nand_yaffs_erase
70bb089c g     F .text	00000054 yaffs_tags_marshall_install
70ba4158 g     F .text	0000006e dpu_layer_set_alpha
70ba7680 g     F .text	00000034 dpu_reg_set_gfx_out_ctrl_premulti_en
70bb27c0 g     F .text	00000020 yaffs_nand_delete_drv
0002bc66 g     F .recovery_ramtext	00000004 fseek
0002740a g     F .recovery_ramtext	0000004c OsMuxInit
2000e638 g     O .bss	00000078 g_rtcs_manager
0001e170 g     F .recovery_ramtext	0000000a lcd_drv_get_private_api
70ba3a68 g     F .text	00000028 drv_dpu_resume
0001e452 g     F .recovery_ramtext	00000058 mipi_tx_partial_refresh
70ba3aec g     F .text	00000096 uapi_dpu_module_init
0002bf14 g     F .recovery_ramtext	0000004e remove
00023cac g     F .recovery_ramtext	00000016 clocks_pll_cfg_get
60100000 g       .l2m_dsp_text	00000000 __l2m_dsp_text_end
000147c6 g     F .recovery_ramtext	00000014 upg_reboot
00024682 g     F .recovery_ramtext	0000001a hal_clocks_sdio_crg_rst_control
0002cac8 g     F .recovery_ramtext	0000000c strncpy
00013ed0 g     F .recovery_ramtext	000000ce uapi_upg_full_image_update
0002be84 g     F .recovery_ramtext	0000001c memcmp
2000f3a0 g     O .bss	00000004 g_pmu_check_reg
000266ee g     F .recovery_ramtext	00000012 IntActive
0002b9d0 g     F .recovery_ramtext	00000080 fclose
000204dc g     F .recovery_ramtext	0000000c nand_qspi_disable
00029750 g     F .recovery_ramtext	00000014 ArchSetExcHook
0001dfe0 g     O .recovery_ramtext	00000008 g_sleep_out_cmds
2000f5d8 g     O .bss	00000004 g_rtc_comm_regs
000228fa g     F .recovery_ramtext	0000002e gpio_port_register_irq
70bacb28 g     F .text	0000005a yaffs_find_chunk_in_file
000111ba g     F .recovery_ramtext	00000008 log_bt_req_dump
70baaaba g     F .text	0000005e vfs_yaffs_bind
70baa9a4 g     F .text	0000004c nand_yaffs_read
00013996 g     F .recovery_ramtext	0000004a upg_calculate_and_notify_process
0002b4c0 g     F .recovery_ramtext	00000202 .hidden __fdopen
0001a20a g     F .recovery_ramtext	00000062 hal_xip_disable
70ba5e4e g     F .text	0000001a dpu_hal_layer_set_ck_gt_en
00010c74 g     F .recovery_ramtext	0000000c panic_register_deal_callback
0001467a g     F .recovery_ramtext	00000042 uapi_pmu_vset
00010d96 g     F .recovery_ramtext	00000034 set_exception_info_riscv
70ba3aa0 g     F .text	0000004c dpu_ioctl
00022324 g     O .recovery_ramtext	00000020 g_dev_nand_ops
20003e28 g     O .data	00000004 g_locale
00022c2e g     F .recovery_ramtext	0000000a rsa_port_get_funcs
70ba6352 g     F .text	00000044 dpu_crg_reset
0001d52a g     F .recovery_ramtext	0000002e lcd_get_driver_config
000205f2 g     F .recovery_ramtext	0000000e nand_qspi_spi_ctlr0_cfg
000206ea g     F .recovery_ramtext	00000058 mc_flash_write_sr
0002c134 g     F .recovery_ramtext	00000020 strdup
20003e38 g     O .data	00000004 g_clicCfgLevelBitsNum
0001474a g     F .recovery_ramtext	0000003e upg_get_upgrade_flag_flash_start_addr
00023798 g     F .recovery_ramtext	0000005a spi_port_register_hal_funcs
2000f640 g     O .bss	00000400 g_rsa_key_mem
000151d4 g     F .recovery_ramtext	00000014 dpal_malloc
70ba6646 g     F .text	00000030 dpu_reg_set_cbm_mix_mixer_prio1
00027c26 g     F .recovery_ramtext	0000003a OsSchedWait
000233e6 g     F .recovery_ramtext	00000022 xip_error_interrupt_enable
70bb0c40 g     F .text	00000030 yaffs_block_ok_for_gc
70ba8a6e g     F .text	0000002e file_read
60240000 g       .l2m_gpu_data	00000000 __l2m_gpu_data_end
70ba6ce6 g     F .text	0000002e dpu_reg_set_g0_vfpos_video_xfpos
70ba4ff4 g     F .text	0000007a dpu_disp_wait_frame_done
00000ec0 g       *ABS*	00000000 __data_size__
0001ad76 g     F .recovery_ramtext	00000136 uapi_flash_read_status
70baae16 g     F .text	0000000c vfs_yaffs_closedir
000184a8 g     F .recovery_ramtext	0000000e hal_rsa_v2_get_funcs
000118e6 g     F .recovery_ramtext	00000074 upg_copy_pkg_image_data
00024e5c g     F .recovery_ramtext	00000020 pmu1_dsp_l2ram_config
0001710e g     F .recovery_ramtext	00000268 mipi_tx_drv_set_controller_cfg
70baab18 g     F .text	0000005c vfs_yaffs_unbind
000212f0 g     F .recovery_ramtext	00000038 uapi_drv_cipher_hash_start
70ba348e g     F .text	00000036 OsCpupGuardCreator
2000c4b0 g     O .bss	00000024 g_mipi_tx_dev_cfg
20015bda g     O .bss	00000001 g_pmu_0p8_vget
000103a6 g     F .recovery_ramtext	00000094 dfx_file_delete
00019ea2 g     F .recovery_ramtext	00000030 hal_uart_int_set
70ba5d9c g     F .text	0000001a dpu_hal_layer_set_premulti_en
00014dca g     F .recovery_ramtext	00000012 osal_mutex_destroy
00025638 g     F .recovery_ramtext	00000022 hal_pmu1_dig_pg_xip_mem_pwr_en
00033020 g     F .recovery_ramtext	00000004 __fe_getround
00025426 g     F .recovery_ramtext	00000056 hal_pmu_intldo1_enable
70bafec0 g     F .text	00000078 yaffs_rd_chunk_tags_nand
70bafaea g     F .text	000000d0 yaffs_deinitialise
20015c00 g     O .bss	00000004 g_root_inode
70ba3c84 g     F .text	00000022 dpu_ioctl_get_layer_zorder
000332c0 g       *ABS*	00000000 __sysinitcall0_start
0002050e g     F .recovery_ramtext	0000000c nand_qspi_write_data
0001d5c4 g     O .recovery_ramtext	00000024 g_panel_240x296_60_config
000253d0 g     F .recovery_ramtext	00000056 hal_pmu_xldo_enable
000272ec g     F .recovery_ramtext	0000000a LOS_Align
70bab664 g     F .text	0000000e yaffsfs_malloc
0002b802 g     F .recovery_ramtext	000000e4 .hidden __stdio_write
000279f6 g     F .recovery_ramtext	0000003a OsPriQueueDequeue
000164ae g     F .recovery_ramtext	0000001a hal_gpio_register_funcs
70bac362 g     F .text	00000292 yaffs_do_endian_oh
0001f10c g     F .recovery_ramtext	0000007c block_erase
20003000 g       .stacks	00000000 g_system_stack_end
00023070 g     F .recovery_ramtext	00000018 watchdog_func_adapt
70ba9ec6 g     F .text	00000046 unregister_blockdriver
70baa958 g     F .text	0000004c nand_yaffs_write
70ba78be g     F .text	0000002e dpu_reg_set_gfx_ireso_ireso_w
70bb3f66 g     F .text	00000010 yaffs_unlink
00018450 g     F .recovery_ramtext	0000001a hal_rsa_register_funcs
70ba43bc g     F .text	0000006a dpu_layer_get_zorder
00019446 g     F .recovery_ramtext	0000000e hal_tcxo_v150_funcs_get
0001c838 g     F .recovery_ramtext	00000026 uapi_gpio_init
00022992 g     F .recovery_ramtext	00000040 gpio_ulp_int_en
2000c48c g     O .bss	00000020 g_lcd_info
0001a38e  w    F .recovery_ramtext	0000001c hal_rtc_stop
000245dc g     F .recovery_ramtext	00000016 hal_clocks_glb_xip_soft_reset_control
70baae22 g     F .text	00000058 vfs_yaffs_readdir
000332c0 g       *ABS*	00000000 __sysinitcall1_start
00022f38 g     F .recovery_ramtext	00000030 uart_porting_unlock
20003b01 g     O .data	00000061 m_aucIntPri
0001958c g     F .recovery_ramtext	0000014e hal_uart_irq_handler
0001441c g     F .recovery_ramtext	00000006 write_trace
00028a4a g     F .recovery_ramtext	00000014 LOS_CurTaskIDGet
00012032 g     F .recovery_ramtext	000000fa uapi_upg_verify_file
70baf240 g     F .text	00000050 yaffs_handle_shadowed_obj
0001f76a g     F .recovery_ramtext	000000a4 read_buffer_by_dma_width32_quad
00023088 g     F .recovery_ramtext	0000001e watchdog_turnon_clk
00014c2a g     F .recovery_ramtext	00000038 osal_event_init
0001bfe2 g     F .recovery_ramtext	00000080 uapi_flash_config_cmd_at_xip_mode
70bb257c g     F .text	0000002a yaffs_load_attribs_oh
20003f00 g     O .bss	00000004 g_intCount
0001cf02 g     F .recovery_ramtext	000000ca mipi_bus_get_partial_display_cmd
20003000 g       .stacks	00000000 __nmi_stack_top
70ba4df0 g     F .text	0000003c dpu_disp_init
20000000 g       .stacks	00000000 __int_stack_start
00022c94 g     F .recovery_ramtext	0000001a efuse_port_set_en_switch
000316f4 g     F .recovery_ramtext	00000068 vsnprintf_s
00019570 g     F .recovery_ramtext	0000001c hal_uart_get_funcs
200041a8 g     O .bss	00000004 g_osTaskCBArray
0001d57c g     O .recovery_ramtext	00000024 g_panel_466x466_60_config
70ba3fbe g     F .text	0000019a dpu_layer_create
70baa76a g     F .text	000000be nf_read_page
0002889a g     F .recovery_ramtext	0000000c OsTimerListDelete
00022c72 g     F .recovery_ramtext	0000000e efuse_port_register_hal_funcs
70ba764c g     F .text	00000034 dpu_reg_set_gfx_read_ctrl_fdr_ck_gt_en
70ba5b54 g     F .text	00000030 dpu_hal_crg_deinit
00014c62 g     F .recovery_ramtext	0000002c osal_event_read
0001c32a g     F .recovery_ramtext	0000017e uapi_flash_exit_from_xip_mode
000114c2 g     F .recovery_ramtext	0000000e upg_get_ctx
70ba71fe g     F .text	0000002e dpu_reg_set_g1_cvfir_vinfo_out_height
00029834 g     F .recovery_ramtext	00000004 OsExcHook
0001e4d2 g     F .recovery_ramtext	00000070 uapi_mipi_tx_init
00015138 g     F .recovery_ramtext	00000048 dpal_driver_base_init
000332d4 g     O .sysintcall.init	00000004 initFn_OsMemAdaptInit
70ba51e6 g     F .text	0000000a dpu_clock_set_timing
000332c0 g       .recovery_ramtext	00000000 __init_array_start
2000d630 g     O .bss	00000880 nand_read_buf
00025304 g     F .recovery_ramtext	0000004a hal_pmu_auxldo_enable
60240000 g       .l2m_gpu_text	00000000 __l2m_gpu_text_start
00025794 g     F .recovery_ramtext	0000001c hal_pmu_vdd0p8_set_nor_voltage
70bb1770 g     F .text	00000148 yaffs2_handle_hole
70bac688 g     F .text	0000004c yaffs_addr_to_chunk
00014eaa g     F .recovery_ramtext	00000010 osal_sem_up
00022e2c g     F .recovery_ramtext	00000062 uart_config_init
20004d0c g     O .bss	00000004 g_driverBaseMutex
00022c5a g     F .recovery_ramtext	00000018 rsa_port_set_soft_reset
0001d60c g     O .recovery_ramtext	0000003c g_common_cmd_display_off
70ba506e g     F .text	00000008 dpu_disp_wait_te_signal
70ba88aa g     F .text	00000108 stat_recursive
70ba8540 g     F .text	0000004c lseek
70ba5e38 g     F .text	00000016 dpu_hal_layer_set_reg_up
20015b80 g     O .bss	00000004 g_sha_v2_regs
00011804 g     F .recovery_ramtext	00000078 upg_get_pkg_image_hash_table
00022b4a g     F .recovery_ramtext	0000000a sha_port_unregister_hal_funcs
00029308 g     F .recovery_ramtext	00000032 LOS_CurrNanosec
000204f4 g     F .recovery_ramtext	0000000c nand_qspi_ctlr1_cfg
20003e7c g     O .data	00000004 g_xip_base_addr
70ba8bfa g     F .text	00000044 fsync
000332d0 g     O .sysintcall.init	00000004 initFn_OsTaskMonInit
00024b6c g     F .recovery_ramtext	00000074 pmu_cmu_pll_deinit
2000c004 g     O .bss	00000004 g_workqueueSpin
0001e432 g     F .recovery_ramtext	00000020 mipi_tx_get_lane_num
0002fed2 g     F .recovery_ramtext	00000e04 SecVsnprintfImpl
0005a3c8 g       .dtcm_stack	00000000 g_intheap_size
70bb0c70 g     F .text	0000007e yaffs2_find_refresh_block
00022f9a g     F .recovery_ramtext	0000000e tcxo_port_register_hal_funcs
70ba6f1a g     F .text	00000030 dpu_reg_set_g1_csc_coef22
70ba4d5c g     F .text	0000006a dpu_layer_get_vblank
000146bc g     F .recovery_ramtext	0000000a partition_get_addr
20003000 g       .text	00000000 g_ram_begin
70ba6eba g     F .text	00000030 dpu_reg_set_g1_csc_coef20
00016ec0 g     F .recovery_ramtext	00000040 hal_ipc_interrupt_core
000332f4 g     O .sysintcall.init	00000004 initFn_OsDriverBaseInit
00010246 g     F .recovery_ramtext	00000024 cpu_utils_init
00014f54 g     F .recovery_ramtext	00000018 osal_spin_lock_destroy
2000fe40 g     O .bss	00000400 g_rsa_output_mem
70bab9d6 g     F .text	000000ec yaffs2_checkpt_open
0001855e g     F .recovery_ramtext	0000001a hal_efuse_register_funcs
70ba39ea g     F .text	0000002e drv_dpu_suspend
00025b42 g     F .recovery_ramtext	00000384 sec_main
70ba6246 g     F .text	00000042 dpu_hal_layer_set_dcmp
00022ddc g     F .recovery_ramtext	00000038 uart_port_register_irq
00014d24 g     F .recovery_ramtext	0000000a osal_in_interrupt
70ba81d4 g     F .text	00000052 open
70ba564e g     F .text	00000296 dfx_dpu_save_fb_to_file
00014f36 g     F .recovery_ramtext	0000001e osal_spin_unlock_irqrestore
70ba5e9c g     F .text	0000004a dpu_hal_layer_set_crop_rect
70ba91c2  w    F .text	00000006 files_initialize
000148e8 g     F .recovery_ramtext	0000012e upg_flash_write
00023cd4 g     F .recovery_ramtext	00000014 clocks_system_mcu_perip_clock_config_get
70ba6f4a g     F .text	0000002c dpu_reg_set_g1_csc_scale
70b8021c g       *ABS*	00000000 __l2m_gpu_data_load
70bac22c g     F .text	0000005a yaffs_ecc_calc_other
70ba5d42 g     F .text	00000014 dpu_hal_disp_set_mem_link
00024668 g     F .recovery_ramtext	0000001a hal_clocks_sdio_host_clken
00024ad0 g     F .recovery_ramtext	0000009c pmu_cmu_pll_reinit
20003e34 g     O .data	00000004 .hidden __stdout_used
70ba68c2 g     F .text	0000002a dpu_reg_set_dhd0_hsync1_hact
000146d8 g     F .recovery_ramtext	00000014 upg_get_ids_map
00014670 g     F .recovery_ramtext	0000000a pm_os_irq_restore
0002565a g     F .recovery_ramtext	00000034 hal_pmu1_dig_pg_xip_mem_retention_en
0001dff0 g     O .recovery_ramtext	00000180 g_lcd_driver_ops
00003000 g       *ABS*	00000000 g_system_stack_size
00023900 g     F .recovery_ramtext	0000001c flash_porting_set_exit_xip_clk_div
70bad336 g     F .text	0000019c yaffs_block_became_dirty
70bab73a g     F .text	00000020 yaffs_free_raw_tnode
70ba757c g     F .text	00000038 dpu_reg_set_g1_hfircoef45_coef5
70ba901e g     F .text	0000002c file_write
0002b2d2 g     F .recovery_ramtext	00000014 LzmaDec_FreeProbs
70bb49ae g     F .text	0000000e yaffs_freespace
0002549c g     F .recovery_ramtext	00000056 hal_pmu_intldo2_enable
00019354 g     F .recovery_ramtext	0000000a hal_systick_get_funcs
00024fee g     F .recovery_ramtext	00000024 hal_pmu_cmu_core_pll_cfg_control
70ba790e g     F .text	0000002e dpu_reg_set_gfx_stride_surface_stride
00031796 g     F .recovery_ramtext	0000003a OsCacheInit
70ba5d68 g     F .text	0000001a dpu_hal_layer_set_enable
70ba6c06 g     F .text	0000002c dpu_reg_set_g0_dfpos_disp_yfpos
0002bc2a  w    F .recovery_ramtext	0000003c fseeko
00015432 g     F .recovery_ramtext	0000002e dpal_spin_unlock_irqrestore
00024f64 g     F .recovery_ramtext	0000001e pmu_sdio_glb_common_reset
70ba6f76 g     F .text	00000030 dpu_reg_set_g1_csc_idc0
00022c16 g     F .recovery_ramtext	0000000e rsa_port_register_hal_funcs
0002b992 g     F .recovery_ramtext	00000020 get_errno
0001ea40 g     F .recovery_ramtext	000001b6 nandflash_filesystem_init
70bb4502 g     F .text	00000010 yaffs_mkdir
70bac80e g     F .text	00000052 yaffs_set_obj_name
70ba6fd6 g     F .text	00000030 dpu_reg_set_g1_csc_idc2
00022e14 g     F .recovery_ramtext	0000000c irq_uart0_handler
000154ce g     F .recovery_ramtext	00000032 dpal_sem_down_interruptible
00014f88 g     F .recovery_ramtext	0000001a osal_get_current_tid
70ba6ab4 g     F .text	0000002e dpu_reg_set_intf0_ulps_ctrl_ulps_lp_mode_thd
000246c8 g     F .recovery_ramtext	0000002a hal_clocks_sub_normal_cfg
70baa038 g     F .text	00000016 nxsem_post
00032dde g     F .recovery_ramtext	0000009c __gtdf2
70ba64e2 g     F .text	00000030 dpu_crg_set_video_160m_cken
0001e9f8 g     F .recovery_ramtext	00000048 nandflash_qspi_init
70bac222 g     F .text	0000000a yaffs2_checkpt_invalidate_stream
000112d8 g     F .recovery_ramtext	00000048 log_buffer_get_available_for_next_message
0001a28e g     F .recovery_ramtext	00000026 hal_xip_set_cur_mode
0002ca08 g     F .recovery_ramtext	0000005e strlen
000245f2 g     F .recovery_ramtext	00000024 hal_clocks_aon_config
00019e24 g     F .recovery_ramtext	00000020 hal_uart_int_get
70ba3ce8 g     F .text	00000032 dpu_ioctl_set_layer_info
000272f6 g     F .recovery_ramtext	0000001a LOS_Msleep
200041e0 g     O .bss	00000004 g_tickPerSecond
00010798 g     F .recovery_ramtext	0000005c dfx_file_write_fd
00022b54 g     F .recovery_ramtext	0000000a sha_port_get_funcs
000332c0 g       *ABS*	00000000 __initcall3_end
0001c89c g     F .recovery_ramtext	0000003a uapi_gpio_set_val
0002d08a g     F .recovery_ramtext	00000006 .hidden vfprintf_unlocked
2000bb80 g     O .bss	00000480 g_hwiForm
00022928 g     F .recovery_ramtext	0000000c irq_gpio_handler
00023148 g       *ABS*	00000000 __ramtext_size__
00029868 g     F .recovery_ramtext	00000014 ArchSetNMIHook
0002eae8 g     F .recovery_ramtext	00000026 osKernelStart
70ba3d90 g     F .text	0000000a dpu_ioctl_wait_layer_vsync
70bab34c g     F .text	00000010 nand_check_block
0002655c g     F .recovery_ramtext	00000004 LOS_EventWrite
0002c08c  w    F .recovery_ramtext	0000009c strchrnul
00014e90 g     F .recovery_ramtext	0000001a osal_sem_down_interruptible
00018298 g     F .recovery_ramtext	0000002c hal_reg_config_bit
0001526c g     F .recovery_ramtext	00000034 dpal_mux_delete
70ba793c g     F .text	00000022 dpu_reg_set_gfx_addr_l_c_gfx_addr_l_c
00023efa g     F .recovery_ramtext	0000001a hal_clocks_ccrg_xo_dll2_clk_en
00015bb0 g     F .recovery_ramtext	0000000e hal_dmac_v100_funcs_get
0002ca66 g     F .recovery_ramtext	00000024 strncat
20003f08 g     O .bss	00000104 g_callerRA
0001cbaa g     F .recovery_ramtext	0000000e lcd_get_bus_api
0001cbc2 g     F .recovery_ramtext	0000009e mipi_bus_init
000332c0 g       *ABS*	00000000 __initcall1_end
70ba673a g     F .text	00000030 dpu_reg_set_dhd0_ctrl_intf_idv
00014f18 g     F .recovery_ramtext	0000001e osal_spin_lock_irqsave
00025a88 g     F .recovery_ramtext	0000004c hal_pmu_mcpu_perip_config
70baf2de g     F .text	000000b4 yaffs_get_obj_name
0002fe86 g     F .recovery_ramtext	0000004c memset_s
70ba3ca6 g     F .text	00000020 dpu_ioctl_show_layer
00031804 g     F .recovery_ramtext	00000038 OsMemAdaptInit
00014eba g     F .recovery_ramtext	0000005e osal_spin_lock_init
0001a3c8  w    F .recovery_ramtext	00000026 hal_rtc_get_current_value
0001847e g     F .recovery_ramtext	0000002a hal_rsa_v2_is_finish
000113ba g     F .recovery_ramtext	000000b4 uapi_partition_get_info
00027ba2 g     F .recovery_ramtext	00000048 OsSchedPreempt
000238b0 g     F .recovery_ramtext	00000014 spi_port_clock_enable
0001c85e g     F .recovery_ramtext	0000003e uapi_gpio_set_dir
0001e652 g     F .recovery_ramtext	00000066 uapi_mipi_tx_set_cmd
00023f74 g     F .recovery_ramtext	0000008a hal_clocks_ccrg_module_config
00027282 g     F .recovery_ramtext	0000002e OsMemstatTaskUsedInc
70ba7b6e g     F .text	0000003a dpu_reg_set_gfx_ckey_min_key_g_min
70ba5b06 g     F .text	0000004e hal_disp_deinit
00027bea g     F .recovery_ramtext	0000003c OsSchedProcSchedFlag
00031200 g     F .recovery_ramtext	000002fc strcpy_s
70bab9aa g     F .text	0000002c yaffs_still_some_chunks
70bb5810 g       *ABS*	00000000 __data_load__
00022ccc g     F .recovery_ramtext	00000074 efuse_port_read_buffer_by_reload
0001931c g     F .recovery_ramtext	0000001e hal_spi_v100_int_set_reg
2000417c g     O .bss	00000004 g_osSwtmrCBArray
20003a74 g     O .data	0000001c g_spi_base_addrs
70ba3426 g     F .text	00000068 OsCpupGetCycle
70bb0be6 g     F .text	0000001a yaffs2_find_oldest_dirty_seq
0001e3f2 g     F .recovery_ramtext	00000040 uapi_lcd_deinit
0001e542 g     F .recovery_ramtext	0000002c uapi_mipi_tx_deinit
0001dfa8 g     O .recovery_ramtext	00000008 g_brightness_cmds
200041f0 g     O .bss	000001bc __sF
0002b366 g     F .recovery_ramtext	00000048 LzmaDec_AllocateProbs
0002992c g     F .recovery_ramtext	00000006 ArchTaskExit
000275e4 g     F .recovery_ramtext	000000cc LOS_MuxPend
70ba7782 g     F .text	0000002e dpu_reg_set_gfx_1555_alpha_alpha_0
00021cfc g     F .recovery_ramtext	00000028 uapi_spi_set_extra_attr
70bb4afa g     F .text	0000001e yaffs_opendir_reldir
00014d58 g     F .recovery_ramtext	0000000e osal_irq_restore
20015b1c g     O .bss	00000004 file_system_mux
000114d0 g     F .recovery_ramtext	0000006a upg_alloc_and_get_upgrade_flag
00022c38 g     F .recovery_ramtext	0000000a rsa_get_base_addr
0002495a g     F .recovery_ramtext	0000001a opi_pre_handler
00010f5e g     F .recovery_ramtext	00000064 log_event_print2
20015af4 g     O .bss	00000004 g_pm_list_mutex
70b8021c g       *ABS*	00000000 __psram_text_load
000315fc g     F .recovery_ramtext	000000f8 strncpy_s
0002b4c0  w    F .recovery_ramtext	00000202 fdopen
70bab4ae g     F .text	00000010 yaffsfs_GetLastError
00021d24 g     F .recovery_ramtext	00000058 uapi_spi_master_write
70ba3d9a g     F .text	00000024 dpu_ioctl_set_layer_vblank
00031d9e g     F .recovery_ramtext	00000046 __floatunsidf
0001a052  w    F .recovery_ramtext	00000006 hal_xip_auto_cg
70ba5486 g     F .text	0000004e dpu_isr_wait_finish
0001aefe g     F .recovery_ramtext	0000030a uapi_flash_write_data
000252ec g     F .recovery_ramtext	00000018 hal_pmu_cmu_ldo_set_voltage
000152e8 g     F .recovery_ramtext	00000034 dpal_mux_post
0001153a g     F .recovery_ramtext	0000007e upg_get_partition_info
20003e2c g     O .data	00000004 __progname
000268b2 g     F .recovery_ramtext	00000016 LOS_HwiDisable
00019542 g     F .recovery_ramtext	0000002e hal_uart_register_funcs
00010cfe g     F .recovery_ramtext	00000028 set_cpu_utils_reset_cause
0001dfd8 g     O .recovery_ramtext	00000008 g_sleep_in_cmds
0001f94a g     F .recovery_ramtext	0000007e dma_recv_data
00014422 g     F .recovery_ramtext	00000044 uapi_pm_add_sleep_veto
00028a70 g     F .recovery_ramtext	00000064 OsTaskSwitchCheck
00010f06 g     F .recovery_ramtext	00000058 log_event_print0
0001dfa0 g     O .recovery_ramtext	00000008 g_te_off_cmds
00017f4e g     F .recovery_ramtext	0000000a hal_pmp_get_funcs
0001c092 g     F .recovery_ramtext	00000298 uapi_flash_switch_to_xip_mode
00025538 g     F .recovery_ramtext	00000016 hal_pmu1_dig_pg_common_iso_en
000173fa g     F .recovery_ramtext	00000126 mipi_tx_drv_set_cmd_info
00024c60 g     F .recovery_ramtext	0000000a pmu_cmu_init_pll_status
20015af0 g     O .bss	00000004 g_driver_base_mutex
70bb4512 g     F .text	0000007c yaffs_rmdir_reldir
000272b0 g     F .recovery_ramtext	00000022 OsMemstatTaskUsedDec
0002f91c g     F .recovery_ramtext	000000cc __create_workqueue_key
2000c488 g     O .bss	00000001 g_idle_before_sleep
000204e8 g     F .recovery_ramtext	0000000c nand_qspi_ctlr0_cfg
70bafff6 g     F .text	00000012 yaffs_deinit_nand
000332f0 g       *ABS*	00000000 __sysinitcall4_start
00014ff8 g     F .recovery_ramtext	0000000a osal_msecs_to_jiffies
00026672 g     F .recovery_ramtext	00000038 LOS_Panic
000155ac g     F .recovery_ramtext	0000000a get_driver_list
70bb3942 g     F .text	00000014 yaffs_open
70bab40c g     F .text	00000078 nand_write_page
20004d14 g     O .bss	00000008 g_deviceList
000292b4 g     F .recovery_ramtext	00000020 OsTickInit
20015b90 g     O .bss	00000004 g_hal_efuses_funcs
0002ea62 g     F .recovery_ramtext	0000003c zalloc
70bb4912 g     F .text	0000009c yaffs_freespace_common
000250b0 g     F .recovery_ramtext	0000001c hal_pmu2_cmu_pll_post_div_get
70ba5d56 g     F .text	00000012 dpu_hal_disp_set_frame_ready
00032e7a g     F .recovery_ramtext	0000003c __unorddf2
0002697e g     F .recovery_ramtext	0000002c LOS_IsSetCallerRa
00023104 g     F .recovery_ramtext	0000001e get_gpio_func_config
00020b20 g     F .recovery_ramtext	000000ce mc_flash_check_bad_block
0002f5ee g     F .recovery_ramtext	00000022 HalIrqUnmask
0002eb0e g     F .recovery_ramtext	00000176 osThreadNew
2000c0e8 g     O .bss	00000004 g_dynloadHeap
0002f610 g     F .recovery_ramtext	00000020 HalIrqMask
000208b6 g     F .recovery_ramtext	000000cc mc_flash_write_page
70ba92b4 g     F .text	0000005c files_close
70b8021c g       *ABS*	00000000 __l2m_gpu_text_load
000332c0 g       *ABS*	00000000 __initcall6_start
00010646 g     F .recovery_ramtext	00000152 dfx_file_rmdir
0002547c g     F .recovery_ramtext	00000020 hal_pmu_intldo1_set_voltage
70ba6e2a g     F .text	00000030 dpu_reg_set_g1_csc_coef10
70ba669e g     F .text	00000016 dpu_reg_get_cbm_mix_priority
00025370 g     F .recovery_ramtext	00000044 hal_pmu_ioldo_enable
00017a60 g     F .recovery_ramtext	0000002e mipi_tx_drv_exit
00022b3c g     F .recovery_ramtext	0000000e sha_port_register_hal_funcs
70baea04 g     F .text	00000092 yaffs_resize_file
0002689c g     F .recovery_ramtext	00000016 LOS_HwiEnable
70ba6e8a g     F .text	00000030 dpu_reg_set_g1_csc_coef12
00015804 g     F .recovery_ramtext	000000d8 hal_cpu_trace_get_locked_regs
70bb016c g     F .text	00000086 yaffs_unpack_tags2
0001f188 g     F .recovery_ramtext	00000092 read_sr
00027afc g     F .recovery_ramtext	00000050 OsQueueInit
2000f5dc g     O .bss	00000014 g_rtc_regs
0002b9b2 g     F .recovery_ramtext	0000001c .hidden __errno_location
2000ef20 g     O .bss	00000014 g_gpios_regs
00013dec g     F .recovery_ramtext	000000da uapi_upg_compress_image_update
000268fe g     F .recovery_ramtext	0000002a OsSaveCallerRa
70bac966 g     F .text	00000046 yaffs_get_group_base
00021108 g     F .recovery_ramtext	00000106 drv_hash_final
70ba3a90 g     F .text	00000008 dpu_open
70ba641a g     F .text	00000028 dpu_crg_set_dpu_axi_cken
70ba7a96 g     F .text	00000038 dpu_reg_set_gfx_ckey_max_key_r_max
70baee5c g     F .text	00000160 yaffs_unlink_obj
0001fd08 g     F .recovery_ramtext	0000001c nand_unlock
0002b940 g     F .recovery_ramtext	00000030 malloc
2000f3ac g     O .bss	0000000c g_efuse_v100_regs
00014ca8 g     F .recovery_ramtext	0000002a osal_event_destroy
0001fa7e g     F .recovery_ramtext	00000098 mark_bad_block
00010000 g       startup	00000000 reset_vector
0002f308 g     F .recovery_ramtext	000000d6 strcmp
20015bac g     O .bss	00000008 g_hal_uarts_funcs
0001f21a g     F .recovery_ramtext	0000006e write_sr
00013f9e g     F .recovery_ramtext	00000182 do_hard_fault_handler
000293e0 g       .recovery_ramtext	00000000 ArchIntUnlock
000181d6 g     F .recovery_ramtext	000000c2 hal_reg_status_check_timeout
70ba741c g     F .text	00000030 dpu_reg_set_g1_cvfir_vcoef2_vccoef13
00015002 g     F .recovery_ramtext	00000046 osal_wait_init
70bb41e8 g     F .text	00000010 yaffs_rename
000214a0 g     F .recovery_ramtext	00000368 uapi_drv_pke_rsa_verify
00028602 g     F .recovery_ramtext	000000b8 OsSwtmrScan
0002f9e8 g     F .recovery_ramtext	00000078 destroy_workqueue
70bb25a6 g     F .text	00000024 yaffs_attribs_init
70bac286 g     F .text	000000b0 yaffs_ecc_correct_other
00014bca g     F .recovery_ramtext	00000014 osal_kfree
00011200 g     F .recovery_ramtext	00000054 log_buffer_write
0001a348 g     F .recovery_ramtext	0000002a hal_rtc_v100_init
000332c4 g     O .sysintcall.init	00000004 initFn_ArchExcInit
0001c8d6 g     F .recovery_ramtext	00000040 uapi_gpio_register_isr_func
0002bd08  w    F .recovery_ramtext	0000009e fwrite_unlocked
00033300 g       *ABS*	00000000 __sysinitcall6_start
00029374 g     F .recovery_ramtext	0000000a ArchDCacheEnable
00014c0a g     F .recovery_ramtext	00000006 osal_ioremap_nocache
20015b94 g     O .bss	00000004 g_hal_systicks_funcs
70ba6ae2 g     F .text	0000002c dpu_reg_set_intf0_ulps_delay_ulps_lp_end_delay
00023806 g     F .recovery_ramtext	00000014 spi_porting_max_slave_select_get
00014c10 g     F .recovery_ramtext	00000006 osal_iounmap
60240000 g       .l2m_gpu_text	00000000 __l2m_gpu_text_end
70ba6916 g     F .text	00000034 dpu_reg_set_dhd0_pwr_vpw
000332e0 g     O .sysintcall.init	00000004 initFn_OsTickInit
00018338 g     F .recovery_ramtext	0000000a hal_sha_get_funcs
70ba9698 g     F .text	000000d4 readdir
0001dd50 g     O .recovery_ramtext	000000a0 g_sh_240x296_screen_init_on
000250cc g     F .recovery_ramtext	0000006e hal_pmu_cldo1_enable


